1736342840.295986390	Controller Area Network, Ext. ID: 166 (0x000000a6), Length: 8	00000040000000ee
1736342840.296018271	Controller Area Network, Ext. ID: 63 (0x0000003f), Length: 6	4702007e000c
1736342840.296041171	Controller Area Network, Ext. ID: 715 (0x000002cb), Length: 5	3c9f960043
1736342840.296057132	Controller Area Network, Ext. ID: 55 (0x00000037), Length: 7	00005400000698
1736342840.296072442	Controller Area Network, Ext. ID: 752 (0x000002f0), Length: 4	1000fa00
1736342840.296086972	Controller Area Network, Ext. ID: 50 (0x00000032), Length: 8	000000000000003a
1736342840.296100743	Controller Area Network, Ext. ID: 713 (0x000002c9), Length: 8	000da70288000011
1736342840.296113953	Controller Area Network, Ext. ID: 183 (0x000000b7), Length: 8	0000000000000000
1736342840.296127713	Controller Area Network, Ext. ID: 296 (0x00000128), Length: 8	0000100000000041
1736342840.296141153	Controller Area Network, Ext. ID: 298 (0x0000012a), Length: 7	00000000000032
1736342840.296154244	Controller Area Network, Ext. ID: 580 (0x00000244), Length: 8	110000000000005f
1736342840.296168504	Controller Area Network, Ext. ID: 63 (0x0000003f), Length: 6	4702007e000c
1736342840.296182014	Controller Area Network, Ext. ID: 993 (0x000003e1), Length: 8	413c0040000000a9
1736342840.296195205	Controller Area Network, Ext. ID: 293 (0x00000125), Length: 7	f000000000001d
1736342840.296208675	Controller Area Network, Ext. ID: 164 (0x000000a4), Length: 8	40000000000000ec
1736342840.296222035	Controller Area Network, Ext. ID: 188 (0x000000bc), Length: 8	000011fe51ff0023
1736342840.296235675	Controller Area Network, Ext. ID: 301 (0x0000012d), Length: 8	7fff7fff7fffffaf
1736342840.296248236	Controller Area Network, Ext. ID: 302 (0x0000012e), Length: 7	7fff7fff7fffb0
1736342840.296261056	Controller Area Network, Ext. ID: 303 (0x0000012f), Length: 8	ff7fff7fff7fffb1
1736342840.296273876	Controller Area Network, Ext. ID: 180 (0x000000b4), Length: 8	00000000000000bc
1736342840.296286757	Controller Area Network, Ext. ID: 55 (0x00000037), Length: 7	00005400000698
1736342840.296300967	Controller Area Network, Ext. ID: 1016 (0x000003f8), Length: 8	0000014401ff0000
1736342840.296314277	Controller Area Network, Ext. ID: 566 (0x00000236), Length: 5	27ff030066
1736342840.296327197	Controller Area Network, Ext. ID: 166 (0x000000a6), Length: 8	00000040000000ee
1736342840.296339628	Controller Area Network, Ext. ID: 50 (0x00000032), Length: 8	000000000000003a
1736342840.296352268	Controller Area Network, Ext. ID: 840 (0x00000348), Length: 8	00020000002c0485
1736342840.296365118	Controller Area Network, Ext. ID: 295 (0x00000127), Length: 8	00100008000161aa
1736342840.296377809	Controller Area Network, Ext. ID: 581 (0x00000245), Length: 5	000000004c
1736342840.296391269	Controller Area Network, Ext. ID: 466 (0x000001d2), Length: 8	990402aa028800ae
1736342840.296404089	Controller Area Network, Ext. ID: 63 (0x0000003f), Length: 6	4702007e000c
1736342840.296416919	Controller Area Network, Ext. ID: 583 (0x00000247), Length: 7	06008000000000
1736342840.296429730	Controller Area Network, Ext. ID: 467 (0x000001d3), Length: 8	0028000000000004
1736342840.296442240	Controller Area Network, Ext. ID: 183 (0x000000b7), Length: 8	0000000000000000
1736342840.296455070	Controller Area Network, Ext. ID: 55 (0x00000037), Length: 7	00005400000698
1736342840.296467691	Controller Area Network, Ext. ID: 50 (0x00000032), Length: 8	000000000000003a
1736342840.296479971	Controller Area Network, Ext. ID: 164 (0x000000a4), Length: 8	40000000000000ec
1736342840.296492231	Controller Area Network, Ext. ID: 296 (0x00000128), Length: 8	0000100000000041
1736342840.296504741	Controller Area Network, Ext. ID: 188 (0x000000bc), Length: 8	000011fe51ff0023
1736342840.296517022	Controller Area Network, Ext. ID: 298 (0x0000012a), Length: 7	00000000000032
1736342840.296529192	Controller Area Network, Ext. ID: 971 (0x000003cb), Length: 7	00000000161601
1736342840.296541502	Controller Area Network, Ext. ID: 63 (0x0000003f), Length: 6	4702007e000c
1736342840.296553772	Controller Area Network, Ext. ID: 293 (0x00000125), Length: 7	f000000000001d
1736342840.296565553	Controller Area Network, Ext. ID: 166 (0x000000a6), Length: 8	00000040000000ee
1736342840.296577703	Controller Area Network, Ext. ID: 301 (0x0000012d), Length: 8	7fff7fff7fffffaf
1736342840.296589723	Controller Area Network, Ext. ID: 302 (0x0000012e), Length: 7	7fff7fff7fffb0
1736342840.296601664	Controller Area Network, Ext. ID: 303 (0x0000012f), Length: 8	ff7fff7fff7fffb1
1736342840.296613664	Controller Area Network, Ext. ID: 55 (0x00000037), Length: 7	00005400000698
1736342840.296625784	Controller Area Network, Ext. ID: 1192 (0x000004a8), Length: 8	0007a00000024587
1736342840.296637814	Controller Area Network, Ext. ID: 50 (0x00000032), Length: 8	000000000000003a
1736342840.296650435	Controller Area Network, Ext. ID: 829 (0x0000033d), Length: 2	0042
1736342840.296662715	Controller Area Network, Ext. ID: 183 (0x000000b7), Length: 8	0000000000000000
1736342840.296674915	Controller Area Network, Ext. ID: 295 (0x00000127), Length: 8	00100008000161aa
1736342840.296687515	Controller Area Network, Ext. ID: 580 (0x00000244), Length: 8	1100000100000060
1736342840.296705826	Controller Area Network, Ext. ID: 36 (0x00000024), Length: 8	02000203420180f6
1736342840.296718106	Controller Area Network, Ext. ID: 63 (0x0000003f), Length: 6	4702007e000c
1736342840.296730586	Controller Area Network, Ext. ID: 968 (0x000003c8), Length: 8	002c00000214051a
1736342840.296742537	Controller Area Network, Ext. ID: 164 (0x000000a4), Length: 8	40000000000000ec
1736342840.296755227	Controller Area Network, Ext. ID: 715 (0x000002cb), Length: 5	3c9f960043
1736342840.296767987	Controller Area Network, Ext. ID: 188 (0x000000bc), Length: 8	000011fe51ff0023
1736342840.296780067	Controller Area Network, Ext. ID: 55 (0x00000037), Length: 7	00005400000698
1736342840.296792368	Controller Area Network, Ext. ID: 180 (0x000000b4), Length: 8	00000000000000bc
1736342840.296804098	Controller Area Network, Ext. ID: 566 (0x00000236), Length: 5	27ff030066
1736342840.296816138	Controller Area Network, Ext. ID: 713 (0x000002c9), Length: 8	000da70288000011
1736342840.296827688	Controller Area Network, Ext. ID: 50 (0x00000032), Length: 8	000000000000003a
1736342840.296839789	Controller Area Network, Ext. ID: 166 (0x000000a6), Length: 8	00000040000000ee
1736342840.296852499	Controller Area Network, Ext. ID: 581 (0x00000245), Length: 5	000000004c
1736342840.296864569	Controller Area Network, Ext. ID: 296 (0x00000128), Length: 8	0000100000000041
1736342840.296876760	Controller Area Network, Ext. ID: 298 (0x0000012a), Length: 7	00000000000032
1736342840.296888570	Controller Area Network, Ext. ID: 583 (0x00000247), Length: 7	06008000000000
1736342840.296900230	Controller Area Network, Ext. ID: 1181 (0x0000049d), Length: 8	8989023e7cfe4780
1736342840.296912030	Controller Area Network, Ext. ID: 63 (0x0000003f), Length: 6	4702007e000c
1736342840.296923831	Controller Area Network, Ext. ID: 301 (0x0000012d), Length: 8	7fff7fff7fffffaf
1736342840.296935531	Controller Area Network, Ext. ID: 293 (0x00000125), Length: 7	f000000000001d
1736342840.296947431	Controller Area Network, Ext. ID: 302 (0x0000012e), Length: 7	7fff7fff7fffb0
1736342840.296958901	Controller Area Network, Ext. ID: 303 (0x0000012f), Length: 8	ff7fff7fff7fffb1
1736342840.296970942	Controller Area Network, Ext. ID: 183 (0x000000b7), Length: 8	0000000000000000
1736342840.296982692	Controller Area Network, Ext. ID: 55 (0x00000037), Length: 7	00005400000698
1736342840.296994732	Controller Area Network, Ext. ID: 50 (0x00000032), Length: 8	000000000000003a
1736342840.297006722	Controller Area Network, Ext. ID: 840 (0x00000348), Length: 8	00020000002c0485
1736342840.297018603	Controller Area Network, Ext. ID: 1568 (0x00000620), Length: 8	10000000f0000810
1736342840.297030643	Controller Area Network, Ext. ID: 164 (0x000000a4), Length: 8	40000000000000ec
1736342840.297042693	Controller Area Network, Ext. ID: 295 (0x00000127), Length: 8	00100008000161aa
1736342840.297054333	Controller Area Network, Ext. ID: 466 (0x000001d2), Length: 8	990402aa028800ae
1736342840.297065874	Controller Area Network, Ext. ID: 188 (0x000000bc), Length: 8	000011fe51ff0023
1736342840.297077784	Controller Area Network, Ext. ID: 860 (0x0000035c), Length: 8	00800000000000e7
1736342840.297089344	Controller Area Network, Ext. ID: 63 (0x0000003f), Length: 6	4702007e000c
1736342840.297100924	Controller Area Network, Ext. ID: 467 (0x000001d3), Length: 8	0028000000000004
1736342840.297112555	Controller Area Network, Ext. ID: 166 (0x000000a6), Length: 8	00000040000000ee
1736342840.297124715	Controller Area Network, Ext. ID: 55 (0x00000037), Length: 7	00005400000698
1736342840.297136555	Controller Area Network, Ext. ID: 50 (0x00000032), Length: 8	000000000000003a
1736342840.297148095	Controller Area Network, Ext. ID: 970 (0x000003ca), Length: 6	0020000000f3
1736342840.297170506	Controller Area Network, Ext. ID: 296 (0x00000128), Length: 8	0000100000000041
1736342840.297184426	Controller Area Network, Ext. ID: 298 (0x0000012a), Length: 7	00000000000032
1736342840.297197177	Controller Area Network, Ext. ID: 183 (0x000000b7), Length: 8	0000000000000000
1736342840.297209287	Controller Area Network, Ext. ID: 580 (0x00000244), Length: 8	1100ffff0000005d
1736342840.297222267	Controller Area Network, Ext. ID: 301 (0x0000012d), Length: 8	7fff7fff7fffffaf
1736342840.297234227	Controller Area Network, Ext. ID: 63 (0x0000003f), Length: 6	4702007e000c
1736342840.297246518	Controller Area Network, Ext. ID: 293 (0x00000125), Length: 7	f000000000001d
1736342840.297259108	Controller Area Network, Ext. ID: 302 (0x0000012e), Length: 7	7fff7fff7fffb0
1736342840.297270838	Controller Area Network, Ext. ID: 303 (0x0000012f), Length: 8	ff7fff7fff7fffb1
1736342840.297282588	Controller Area Network, Ext. ID: 164 (0x000000a4), Length: 8	40000000000000ec
1736342840.297294359	Controller Area Network, Ext. ID: 188 (0x000000bc), Length: 8	000011fe51ff0023
1736342840.297306429	Controller Area Network, Ext. ID: 55 (0x00000037), Length: 7	00005400000698
1736342840.297318019	Controller Area Network, Ext. ID: 50 (0x00000032), Length: 8	000000100000004a
1736342840.297329559	Controller Area Network, Ext. ID: 180 (0x000000b4), Length: 8	00000000000000bc
1736342840.297341440	Controller Area Network, Ext. ID: 581 (0x00000245), Length: 5	000000004c
1736342840.297353250	Controller Area Network, Ext. ID: 566 (0x00000236), Length: 5	27ff030066
1736342840.297364870	Controller Area Network, Ext. ID: 166 (0x000000a6), Length: 8	00000040000000ee
1736342840.297376730	Controller Area Network, Ext. ID: 295 (0x00000127), Length: 8	00100008000161aa
1736342840.297388381	Controller Area Network, Ext. ID: 583 (0x00000247), Length: 7	06008000000000
1736342840.297400261	Controller Area Network, Ext. ID: 63 (0x0000003f), Length: 6	4702007e000c
1736342840.297412011	Controller Area Network, Ext. ID: 715 (0x000002cb), Length: 5	3c9f960043
1736342840.297423782	Controller Area Network, Ext. ID: 55 (0x00000037), Length: 7	00005400000698
1736342840.297435422	Controller Area Network, Ext. ID: 183 (0x000000b7), Length: 8	0000000000000000
1736342840.297446972	Controller Area Network, Ext. ID: 50 (0x00000032), Length: 8	000000000000003a
1736342840.297458712	Controller Area Network, Ext. ID: 713 (0x000002c9), Length: 8	000da70288000011
1736342840.297470383	Controller Area Network, Ext. ID: 752 (0x000002f0), Length: 4	1000fa00
1736342840.297482773	Controller Area Network, Ext. ID: 298 (0x0000012a), Length: 7	00000000000032
1736342840.297494393	Controller Area Network, Ext. ID: 296 (0x00000128), Length: 8	0000100000000041
1736342840.297506213	Controller Area Network, Ext. ID: 164 (0x000000a4), Length: 8	40000000000000ec
1736342840.297518494	Controller Area Network, Ext. ID: 188 (0x000000bc), Length: 8	000011fe51ff0023
1736342840.297530544	Controller Area Network, Ext. ID: 301 (0x0000012d), Length: 8	7fff7fff7fffffaf
1736342840.297542224	Controller Area Network, Ext. ID: 302 (0x0000012e), Length: 7	7fff7fff7fffb0
1736342840.297553764	Controller Area Network, Ext. ID: 303 (0x0000012f), Length: 8	ff7fff7fff7fffb1
1736342840.297565905	Controller Area Network, Ext. ID: 63 (0x0000003f), Length: 6	4702007e000c
1736342840.297577665	Controller Area Network, Ext. ID: 293 (0x00000125), Length: 7	f000000000001d
1736342840.297589375	Controller Area Network, Ext. ID: 1179 (0x0000049b), Length: 8	00a01d0000080000
1736342840.297600965	Controller Area Network, Ext. ID: 166 (0x000000a6), Length: 8	00000040000000ee
1736342840.297612816	Controller Area Network, Ext. ID: 55 (0x00000037), Length: 7	00005400000698
1736342840.297624596	Controller Area Network, Ext. ID: 50 (0x00000032), Length: 8	000000000000003a
1736342840.297636226	Controller Area Network, Ext. ID: 840 (0x00000348), Length: 8	00020000002c0485
1736342840.297647986	Controller Area Network, Ext. ID: 1595 (0x0000063b), Length: 8	16000eb800000e29
1736342840.297659427	Controller Area Network, Ext. ID: 1063 (0x00000427), Length: 8	0000000000000000
1736342840.297670997	Controller Area Network, Ext. ID: 466 (0x000001d2), Length: 8	990402aa028800ae
1736342840.297682467	Controller Area Network, Ext. ID: 580 (0x00000244), Length: 8	110000000000005f
1736342840.297694327	Controller Area Network, Ext. ID: 1156 (0x00000484), Length: 8	1cab000c90541c63
1736342840.297705898	Controller Area Network, Ext. ID: 295 (0x00000127), Length: 8	00100008000161aa
1736342840.297717558	Controller Area Network, Ext. ID: 183 (0x000000b7), Length: 8	0000000000000000
1736342840.297729008	Controller Area Network, Ext. ID: 467 (0x000001d3), Length: 8	0028000000000004
1736342840.297740568	Controller Area Network, Ext. ID: 813 (0x0000032d), Length: 8	00511f4c00000000
1736342840.297752199	Controller Area Network, Ext. ID: 63 (0x0000003f), Length: 6	4702007e000c
1736342840.297764409	Controller Area Network, Ext. ID: 164 (0x000000a4), Length: 8	40000000000000ec
1736342840.297776549	Controller Area Network, Ext. ID: 188 (0x000000bc), Length: 8	000011fe51ff0023
1736342840.297788159	Controller Area Network, Ext. ID: 50 (0x00000032), Length: 8	000000000000003a
1736342840.297799560	Controller Area Network, Ext. ID: 55 (0x00000037), Length: 7	00005400000698
1736342840.297811270	Controller Area Network, Ext. ID: 581 (0x00000245), Length: 5	000000004c
1736342840.297823050	Controller Area Network, Ext. ID: 975 (0x000003cf), Length: 5	10001b080a
1736342840.297835471	Controller Area Network, Ext. ID: 180 (0x000000b4), Length: 8	00000000000000bc
1736342840.297846971	Controller Area Network, Ext. ID: 566 (0x00000236), Length: 5	27ff030066
1736342840.297858761	Controller Area Network, Ext. ID: 298 (0x0000012a), Length: 7	00000000000032
1736342840.297870271	Controller Area Network, Ext. ID: 166 (0x000000a6), Length: 8	00000040000000ee
1736342840.297882052	Controller Area Network, Ext. ID: 296 (0x00000128), Length: 8	0000100000000041
1736342840.297893992	Controller Area Network, Ext. ID: 583 (0x00000247), Length: 7	06008000000000
1736342840.297905452	Controller Area Network, Ext. ID: 928 (0x000003a0), Length: 8	0068000000000030
1736342840.297917012	Controller Area Network, Ext. ID: 301 (0x0000012d), Length: 8	7fff7fff7fffffaf
1736342840.297928563	Controller Area Network, Ext. ID: 302 (0x0000012e), Length: 7	7fff7fff7fffb0
1736342840.297940113	Controller Area Network, Ext. ID: 303 (0x0000012f), Length: 8	ff7fff7fff7fffb1
1736342840.297951923	Controller Area Network, Ext. ID: 63 (0x0000003f), Length: 6	4702007e000c
1736342840.297963763	Controller Area Network, Ext. ID: 293 (0x00000125), Length: 7	f000000000001d
1736342840.297975314	Controller Area Network, Ext. ID: 183 (0x000000b7), Length: 8	0000000000000000
1736342840.297986894	Controller Area Network, Ext. ID: 50 (0x00000032), Length: 8	000000000000003a
1736342840.297998894	Controller Area Network, Ext. ID: 55 (0x00000037), Length: 7	00005400000698
1736342840.298010574	Controller Area Network, Ext. ID: 816 (0x00000330), Length: 8	0000000040000100
1736342840.298022065	Controller Area Network, Ext. ID: 295 (0x00000127), Length: 8	00100008000161aa
1736342840.298033585	Controller Area Network, Ext. ID: 164 (0x000000a4), Length: 8	40000000000000ec
1736342840.298045265	Controller Area Network, Ext. ID: 188 (0x000000bc), Length: 8	000011fe51ff0023
1736342840.298060705	Controller Area Network, Ext. ID: 715 (0x000002cb), Length: 5	3c9f960043
1736342840.298072736	Controller Area Network, Ext. ID: 63 (0x0000003f), Length: 6	4702007e000c
1736342840.298084226	Controller Area Network, Ext. ID: 968 (0x000003c8), Length: 8	002c000002140318
1736342840.298096206	Controller Area Network, Ext. ID: 166 (0x000000a6), Length: 8	00000040000000ee
1736342840.298107656	Controller Area Network, Ext. ID: 713 (0x000002c9), Length: 8	000da70288000011
1736342840.298119117	Controller Area Network, Ext. ID: 50 (0x00000032), Length: 8	000000000000003a
1736342840.298130907	Controller Area Network, Ext. ID: 55 (0x00000037), Length: 7	00005400000698
1736342840.298142497	Controller Area Network, Ext. ID: 580 (0x00000244), Length: 8	110000000000005f
1736342840.298165428	Controller Area Network, Ext. ID: 298 (0x0000012a), Length: 7	00000000000032
1736342840.298187098	Controller Area Network, Ext. ID: 296 (0x00000128), Length: 8	0000100000000041
1736342840.298201589	Controller Area Network, Ext. ID: 183 (0x000000b7), Length: 8	0000000000000000
1736342840.298214329	Controller Area Network, Ext. ID: 301 (0x0000012d), Length: 8	7fff7fff7fffffaf
1736342840.298226709	Controller Area Network, Ext. ID: 302 (0x0000012e), Length: 7	7fff7fff7fffb0
1736342840.298239129	Controller Area Network, Ext. ID: 303 (0x0000012f), Length: 8	ff7fff7fff7fffb1
1736342840.298251750	Controller Area Network, Ext. ID: 63 (0x0000003f), Length: 6	4702007e000c
1736342840.298264010	Controller Area Network, Ext. ID: 293 (0x00000125), Length: 7	f000000000001d
1736342840.298276020	Controller Area Network, Ext. ID: 581 (0x00000245), Length: 5	000000004c
1736342840.298288290	Controller Area Network, Ext. ID: 840 (0x00000348), Length: 8	00020000002c0485
1736342840.298300181	Controller Area Network, Ext. ID: 50 (0x00000032), Length: 8	000000000000003a
1736342840.298312041	Controller Area Network, Ext. ID: 164 (0x000000a4), Length: 8	40000000000000ec
1736342840.298323891	Controller Area Network, Ext. ID: 55 (0x00000037), Length: 7	00005400000698
1736342840.298337112	Controller Area Network, Ext. ID: 188 (0x000000bc), Length: 8	000011fe51ff0023
1736342840.298349402	Controller Area Network, Ext. ID: 466 (0x000001d2), Length: 8	990402aa028800ae
1736342840.298360962	Controller Area Network, Ext. ID: 180 (0x000000b4), Length: 8	00000000000000bc
1736342840.298372982	Controller Area Network, Ext. ID: 566 (0x00000236), Length: 5	27ff030066
1736342840.298384693	Controller Area Network, Ext. ID: 583 (0x00000247), Length: 7	06008000000000
1736342840.298396373	Controller Area Network, Ext. ID: 1017 (0x000003f9), Length: 8	941c56420000004c
1736342840.298407993	Controller Area Network, Ext. ID: 166 (0x000000a6), Length: 8	00000040000000ee
1736342840.298419693	Controller Area Network, Ext. ID: 295 (0x00000127), Length: 8	00100008000161aa
1736342840.298431154	Controller Area Network, Ext. ID: 467 (0x000001d3), Length: 8	0028000000000004
1736342840.298442934	Controller Area Network, Ext. ID: 63 (0x0000003f), Length: 6	4702007e000c
1736342840.298454804	Controller Area Network, Ext. ID: 50 (0x00000032), Length: 8	000000000000003a
1736342840.298466644	Controller Area Network, Ext. ID: 183 (0x000000b7), Length: 8	0000000000000000
1736342840.298478395	Controller Area Network, Ext. ID: 55 (0x00000037), Length: 7	00005400000698
1736342840.298489975	Controller Area Network, Ext. ID: 298 (0x0000012a), Length: 7	00000000000032
1736342840.298501755	Controller Area Network, Ext. ID: 296 (0x00000128), Length: 8	0000100000000041
1736342840.298513155	Controller Area Network, Ext. ID: 164 (0x000000a4), Length: 8	40000000000000ec
1736342840.298524706	Controller Area Network, Ext. ID: 188 (0x000000bc), Length: 8	000011fe51ff0023
1736342840.298536356	Controller Area Network, Ext. ID: 301 (0x0000012d), Length: 8	7fff7fff7fffffaf
1736342840.298548156	Controller Area Network, Ext. ID: 302 (0x0000012e), Length: 7	7fff7fff7fffb0
1736342840.298559696	Controller Area Network, Ext. ID: 303 (0x0000012f), Length: 8	ff7fff7fff7fffb1
1736342840.298571437	Controller Area Network, Ext. ID: 63 (0x0000003f), Length: 6	4702007e000c
1736342840.298583437	Controller Area Network, Ext. ID: 293 (0x00000125), Length: 7	f000000000001d
1736342840.298595117	Controller Area Network, Ext. ID: 166 (0x000000a6), Length: 8	00000040000000ee
1736342840.298606867	Controller Area Network, Ext. ID: 971 (0x000003cb), Length: 7	00000000161601
1736342840.298618608	Controller Area Network, Ext. ID: 50 (0x00000032), Length: 8	000000000000003a
1736342840.298630238	Controller Area Network, Ext. ID: 55 (0x00000037), Length: 7	00005400000698
1736342840.298641928	Controller Area Network, Ext. ID: 580 (0x00000244), Length: 8	110000000000005f
1736342840.298653588	Controller Area Network, Ext. ID: 1057 (0x00000421), Length: 8	0000000000000001
1736342840.298665279	Controller Area Network, Ext. ID: 295 (0x00000127), Length: 8	00100008000161aa
1736342840.298676919	Controller Area Network, Ext. ID: 715 (0x000002cb), Length: 5	3c9f960043
1736342840.298688959	Controller Area Network, Ext. ID: 183 (0x000000b7), Length: 8	0000000000000000
1736342840.298700849	Controller Area Network, Ext. ID: 63 (0x0000003f), Length: 6	4702007e000c
1736342840.298712370	Controller Area Network, Ext. ID: 36 (0x00000024), Length: 8	02000202420180f5
1736342840.298724260	Controller Area Network, Ext. ID: 581 (0x00000245), Length: 5	000000004c
1736342840.298736110	Controller Area Network, Ext. ID: 713 (0x000002c9), Length: 8	000da70288000011
1736342840.298748361	Controller Area Network, Ext. ID: 50 (0x00000032), Length: 8	000000000000003a
1736342840.298760151	Controller Area Network, Ext. ID: 164 (0x000000a4), Length: 8	40000000000000ec
1736342840.298772271	Controller Area Network, Ext. ID: 55 (0x00000037), Length: 7	00005400000698
1736342840.298784101	Controller Area Network, Ext. ID: 188 (0x000000bc), Length: 8	000011fe51ff0023
1736342840.298796172	Controller Area Network, Ext. ID: 583 (0x00000247), Length: 7	06008000000000
1736342840.298808292	Controller Area Network, Ext. ID: 1198 (0x000004ae), Length: 8	fffd80d310015a8b
1736342840.298820102	Controller Area Network, Ext. ID: 298 (0x0000012a), Length: 7	00000000000032
1736342840.298831942	Controller Area Network, Ext. ID: 752 (0x000002f0), Length: 4	1000fa00
1736342840.298843733	Controller Area Network, Ext. ID: 180 (0x000000b4), Length: 8	00000000000000bc
1736342840.298855503	Controller Area Network, Ext. ID: 566 (0x00000236), Length: 5	27ff030066
1736342840.298867633	Controller Area Network, Ext. ID: 296 (0x00000128), Length: 8	0000100000000041
1736342840.298879383	Controller Area Network, Ext. ID: 166 (0x000000a6), Length: 8	00000040000000ee
1736342840.298891214	Controller Area Network, Ext. ID: 301 (0x0000012d), Length: 8	7fff7fff7fffffaf
1736342840.298902684	Controller Area Network, Ext. ID: 302 (0x0000012e), Length: 7	7fff7fff7fffb0
1736342840.298914524	Controller Area Network, Ext. ID: 303 (0x0000012f), Length: 8	ff7fff7fff7fffb1
1736342840.298926164	Controller Area Network, Ext. ID: 63 (0x0000003f), Length: 6	4702007e000c
1736342840.298938565	Controller Area Network, Ext. ID: 293 (0x00000125), Length: 7	f000000000001d
1736342840.298950445	Controller Area Network, Ext. ID: 840 (0x00000348), Length: 8	00020000002c0485
1736342840.298962015	Controller Area Network, Ext. ID: 50 (0x00000032), Length: 8	000000000000003a
1736342840.298973985	Controller Area Network, Ext. ID: 55 (0x00000037), Length: 7	00005400000698
1736342840.298985626	Controller Area Network, Ext. ID: 466 (0x000001d2), Length: 8	990402aa028800ae
1736342840.298997156	Controller Area Network, Ext. ID: 183 (0x000000b7), Length: 8	0000000000000000
1736342840.299008926	Controller Area Network, Ext. ID: 295 (0x00000127), Length: 8	00100008000161aa
1736342840.299020396	Controller Area Network, Ext. ID: 467 (0x000001d3), Length: 8	0028000000000004
1736342840.299032127	Controller Area Network, Ext. ID: 164 (0x000000a4), Length: 8	40000000000000ec
1736342840.299044467	Controller Area Network, Ext. ID: 188 (0x000000bc), Length: 8	000011fe51ff0023
1736342840.299056517	Controller Area Network, Ext. ID: 63 (0x0000003f), Length: 6	4702007e000c
1736342840.299068788	Controller Area Network, Ext. ID: 860 (0x0000035c), Length: 8	00800000000000e7
1736342840.299080638	Controller Area Network, Ext. ID: 50 (0x00000032), Length: 8	000000000000003a
1736342840.299092438	Controller Area Network, Ext. ID: 580 (0x00000244), Length: 8	110000000000005f
1736342840.299104298	Controller Area Network, Ext. ID: 166 (0x000000a6), Length: 8	00000040000000ee
1736342840.299116209	Controller Area Network, Ext. ID: 55 (0x00000037), Length: 7	00005400000698
1736342840.299128059	Controller Area Network, Ext. ID: 298 (0x0000012a), Length: 7	00000000000032
1736342840.299139769	Controller Area Network, Ext. ID: 296 (0x00000128), Length: 8	0000100000000041
1736342840.299151909	Controller Area Network, Ext. ID: 301 (0x0000012d), Length: 8	7fff7fff7fffffaf
1736342840.299163860	Controller Area Network, Ext. ID: 302 (0x0000012e), Length: 7	7fff7fff7fffb0
1736342840.299175770	Controller Area Network, Ext. ID: 303 (0x0000012f), Length: 8	ff7fff7fff7fffb1
1736342840.299187660	Controller Area Network, Ext. ID: 183 (0x000000b7), Length: 8	0000000000000000
1736342840.299199590	Controller Area Network, Ext. ID: 970 (0x000003ca), Length: 6	0020000000f3
1736342840.299211491	Controller Area Network, Ext. ID: 581 (0x00000245), Length: 5	000000004c
1736342840.299223381	Controller Area Network, Ext. ID: 63 (0x0000003f), Length: 6	4702007e000c
1736342840.299234951	Controller Area Network, Ext. ID: 293 (0x00000125), Length: 7	f000000000001d
1736342840.299246741	Controller Area Network, Ext. ID: 1199 (0x000004af), Length: 8	0040000000000000
1736342840.299258802	Controller Area Network, Ext. ID: 50 (0x00000032), Length: 8	000000000000003a
1736342840.299270592	Controller Area Network, Ext. ID: 55 (0x00000037), Length: 7	00005400000698
1736342840.299282362	Controller Area Network, Ext. ID: 164 (0x000000a4), Length: 8	40000000000000ec
1736342840.299294412	Controller Area Network, Ext. ID: 583 (0x00000247), Length: 7	06008000000000
1736342840.299306233	Controller Area Network, Ext. ID: 188 (0x000000bc), Length: 8	000011fe51ff0023
1736342840.299318403	Controller Area Network, Ext. ID: 180 (0x000000b4), Length: 8	00000000000000bc
1736342840.299330113	Controller Area Network, Ext. ID: 715 (0x000002cb), Length: 5	3c9f960043
1736342840.299341994	Controller Area Network, Ext. ID: 566 (0x00000236), Length: 5	27ff030066
1736342840.299353724	Controller Area Network, Ext. ID: 295 (0x00000127), Length: 8	00100008000161aa
1736342840.299365364	Controller Area Network, Ext. ID: 735 (0x000002df), Length: 8	0000000000000000
1736342840.299377204	Controller Area Network, Ext. ID: 166 (0x000000a6), Length: 8	00000040000000ee
1736342840.299388765	Controller Area Network, Ext. ID: 713 (0x000002c9), Length: 8	000da70288000011
1736342840.299402805	Controller Area Network, Ext. ID: 63 (0x0000003f), Length: 6	4702007e000c
1736342840.299419225	Controller Area Network, Ext. ID: 968 (0x000003c8), Length: 8	002c000002140419
1736342840.299430865	Controller Area Network, Ext. ID: 50 (0x00000032), Length: 8	000000000000003a
1736342840.299442476	Controller Area Network, Ext. ID: 55 (0x00000037), Length: 7	00005400000698
1736342840.299454906	Controller Area Network, Ext. ID: 298 (0x0000012a), Length: 7	00000000000032
1736342840.299466706	Controller Area Network, Ext. ID: 183 (0x000000b7), Length: 8	0000000000000000
1736342840.299478227	Controller Area Network, Ext. ID: 301 (0x0000012d), Length: 8	7fff7fff7fffffaf
1736342840.299489887	Controller Area Network, Ext. ID: 296 (0x00000128), Length: 8	0000100000000041
1736342840.299501317	Controller Area Network, Ext. ID: 302 (0x0000012e), Length: 7	7fff7fff7fffb0
1736342840.299513147	Controller Area Network, Ext. ID: 303 (0x0000012f), Length: 8	ff7fff7fff7fffb1
1736342840.299524828	Controller Area Network, Ext. ID: 164 (0x000000a4), Length: 8	40000000000000ec
1736342840.299536748	Controller Area Network, Ext. ID: 188 (0x000000bc), Length: 8	000011fe51ff0023
1736342840.299548558	Controller Area Network, Ext. ID: 840 (0x00000348), Length: 8	00020000002c0485
1736342840.299560348	Controller Area Network, Ext. ID: 63 (0x0000003f), Length: 6	4702007e000c
1736342840.299572179	Controller Area Network, Ext. ID: 50 (0x00000032), Length: 8	000000000000003a
1736342840.299584309	Controller Area Network, Ext. ID: 293 (0x00000125), Length: 7	f000000000001d
1736342840.299595969	Controller Area Network, Ext. ID: 580 (0x00000244), Length: 8	1100fffe0000005c
1736342840.299607619	Controller Area Network, Ext. ID: 466 (0x000001d2), Length: 8	990402aa028800ae
1736342840.299619330	Controller Area Network, Ext. ID: 166 (0x000000a6), Length: 8	00000040000000ee
1736342840.299631380	Controller Area Network, Ext. ID: 55 (0x00000037), Length: 7	00005400000698
1736342840.299642970	Controller Area Network, Ext. ID: 467 (0x000001d3), Length: 8	0028000000000004
1736342840.299654380	Controller Area Network, Ext. ID: 295 (0x00000127), Length: 8	00100008000161aa
1736342840.299665891	Controller Area Network, Ext. ID: 581 (0x00000245), Length: 5	000000004c
1736342840.299677301	Controller Area Network, Ext. ID: 183 (0x000000b7), Length: 8	0000000000000000
1736342840.299688871	Controller Area Network, Ext. ID: 63 (0x0000003f), Length: 6	4702007e000c
1736342840.299700491	Controller Area Network, Ext. ID: 50 (0x00000032), Length: 8	000000000000003a
1736342840.299711992	Controller Area Network, Ext. ID: 813 (0x0000032d), Length: 8	00511f4c00000000
1736342840.299723672	Controller Area Network, Ext. ID: 583 (0x00000247), Length: 7	06008000000000
1736342840.299735232	Controller Area Network, Ext. ID: 55 (0x00000037), Length: 7	00005400000698
1736342840.299746762	Controller Area Network, Ext. ID: 298 (0x0000012a), Length: 7	00000000000032
1736342840.299758313	Controller Area Network, Ext. ID: 164 (0x000000a4), Length: 8	40000000000000ec
1736342840.299769723	Controller Area Network, Ext. ID: 188 (0x000000bc), Length: 8	000011fe51ff0023
1736342840.299781063	Controller Area Network, Ext. ID: 180 (0x000000b4), Length: 8	00000000000000bc
1736342840.299792483	Controller Area Network, Ext. ID: 301 (0x0000012d), Length: 8	7fff7fff7fffffaf
1736342840.299803874	Controller Area Network, Ext. ID: 296 (0x00000128), Length: 8	0000100000000041
1736342840.299815544	Controller Area Network, Ext. ID: 302 (0x0000012e), Length: 7	7fff7fff7fffb0
1736342840.299827064	Controller Area Network, Ext. ID: 303 (0x0000012f), Length: 8	ff7fff7fff7fffb1
1736342840.299839014	Controller Area Network, Ext. ID: 566 (0x00000236), Length: 5	27ff030066
1736342840.299850495	Controller Area Network, Ext. ID: 166 (0x000000a6), Length: 8	00000040000000ee
1736342840.299862285	Controller Area Network, Ext. ID: 50 (0x00000032), Length: 8	000000000000003a
1736342840.299873805	Controller Area Network, Ext. ID: 63 (0x0000003f), Length: 6	4702007e000c
1736342840.299885525	Controller Area Network, Ext. ID: 293 (0x00000125), Length: 7	f000000000001d
1736342840.299896866	Controller Area Network, Ext. ID: 1552 (0x00000610), Length: 8	20000064d0fffd40
1736342840.299908626	Controller Area Network, Ext. ID: 928 (0x000003a0), Length: 8	0068000000000030
1736342840.299920506	Controller Area Network, Ext. ID: 55 (0x00000037), Length: 7	00005400000698
1736342840.299933646	Controller Area Network, Ext. ID: 816 (0x00000330), Length: 8	0000000040000100
1736342840.299945647	Controller Area Network, Ext. ID: 183 (0x000000b7), Length: 8	0000000000000000
1736342840.299957207	Controller Area Network, Ext. ID: 715 (0x000002cb), Length: 5	3c9f960043
1736342840.299969067	Controller Area Network, Ext. ID: 295 (0x00000127), Length: 8	00100008000161aa
1736342840.299980688	Controller Area Network, Ext. ID: 713 (0x000002c9), Length: 8	000da70288000011
1736342840.299992178	Controller Area Network, Ext. ID: 164 (0x000000a4), Length: 8	40000000000000ec
1736342840.300004168	Controller Area Network, Ext. ID: 580 (0x00000244), Length: 8	110000000000005f
1736342840.300015868	Controller Area Network, Ext. ID: 188 (0x000000bc), Length: 8	000011fe51ff0023
1736342840.300027749	Controller Area Network, Ext. ID: 50 (0x00000032), Length: 8	000000000000003a
1736342840.300039359	Controller Area Network, Ext. ID: 63 (0x0000003f), Length: 6	4702007e000c
1736342840.300051039	Controller Area Network, Ext. ID: 298 (0x0000012a), Length: 7	00000000000032
1736342840.300062529	Controller Area Network, Ext. ID: 55 (0x00000037), Length: 7	00005400000698
1736342840.300074010	Controller Area Network, Ext. ID: 166 (0x000000a6), Length: 8	00000040000000ee
1736342840.300086020	Controller Area Network, Ext. ID: 752 (0x000002f0), Length: 4	1000fa00
1736342840.300097750	Controller Area Network, Ext. ID: 301 (0x0000012d), Length: 8	7fff7fff7fffffaf
1736342840.300109660	Controller Area Network, Ext. ID: 302 (0x0000012e), Length: 7	7fff7fff7fffb0
1736342840.300121281	Controller Area Network, Ext. ID: 303 (0x0000012f), Length: 8	ff7fff7fff7fffb1
1736342840.300132941	Controller Area Network, Ext. ID: 296 (0x00000128), Length: 8	0000100000000041
1736342840.300144691	Controller Area Network, Ext. ID: 581 (0x00000245), Length: 5	000000004c
1736342840.300156471	Controller Area Network, Ext. ID: 840 (0x00000348), Length: 8	00020000002c0485
1736342840.300168212	Controller Area Network, Ext. ID: 50 (0x00000032), Length: 8	000000000000003a
1736342840.300179772	Controller Area Network, Ext. ID: 63 (0x0000003f), Length: 6	4702007e000c
1736342840.300191372	Controller Area Network, Ext. ID: 183 (0x000000b7), Length: 8	0000000000000000
1736342840.300203132	Controller Area Network, Ext. ID: 293 (0x00000125), Length: 7	f000000000001d
1736342840.300214683	Controller Area Network, Ext. ID: 466 (0x000001d2), Length: 8	990402aa028800ae
1736342840.300226253	Controller Area Network, Ext. ID: 583 (0x00000247), Length: 7	06008000000000
1736342840.300237913	Controller Area Network, Ext. ID: 55 (0x00000037), Length: 7	00005400000698
1736342840.300249533	Controller Area Network, Ext. ID: 467 (0x000001d3), Length: 8	0028000000000004
1736342840.300261184	Controller Area Network, Ext. ID: 164 (0x000000a4), Length: 8	40000000000000ec
1736342840.300272734	Controller Area Network, Ext. ID: 1016 (0x000003f8), Length: 8	0000014301ff0000
1736342840.300284324	Controller Area Network, Ext. ID: 188 (0x000000bc), Length: 8	000011fe51ff0023
1736342840.300295784	Controller Area Network, Ext. ID: 180 (0x000000b4), Length: 8	00000000000000bc
1736342840.300307245	Controller Area Network, Ext. ID: 295 (0x00000127), Length: 8	00100008000161aa
1736342840.300318785	Controller Area Network, Ext. ID: 566 (0x00000236), Length: 5	27ff030066
1736342840.300330285	Controller Area Network, Ext. ID: 166 (0x000000a6), Length: 8	00000040000000ee
1736342840.300342155	Controller Area Network, Ext. ID: 50 (0x00000032), Length: 8	000000000000003a
1736342840.300353716	Controller Area Network, Ext. ID: 63 (0x0000003f), Length: 6	4702007e000c
1736342840.300365466	Controller Area Network, Ext. ID: 298 (0x0000012a), Length: 7	00000000000032
1736342840.300376976	Controller Area Network, Ext. ID: 55 (0x00000037), Length: 7	00005400000698
1736342840.300388576	Controller Area Network, Ext. ID: 975 (0x000003cf), Length: 5	10001b080a
1736342840.300399977	Controller Area Network, Ext. ID: 183 (0x000000b7), Length: 8	0000000000000000
1736342840.300411407	Controller Area Network, Ext. ID: 301 (0x0000012d), Length: 8	7fff7fff7fffffaf
1736342840.300423007	Controller Area Network, Ext. ID: 302 (0x0000012e), Length: 7	7fff7fff7fffb0
1736342840.300434647	Controller Area Network, Ext. ID: 303 (0x0000012f), Length: 8	ff7fff7fff7fffb1
1736342840.300446088	Controller Area Network, Ext. ID: 296 (0x00000128), Length: 8	0000100000000041
1736342840.300457538	Controller Area Network, Ext. ID: 580 (0x00000244), Length: 8	1100000200000061
1736342840.300469218	Controller Area Network, Ext. ID: 50 (0x00000032), Length: 8	000000000000003a
1736342840.300480998	Controller Area Network, Ext. ID: 164 (0x000000a4), Length: 8	40000000000000ec
1736342840.300492849	Controller Area Network, Ext. ID: 63 (0x0000003f), Length: 6	4702007e000c
1736342840.300504419	Controller Area Network, Ext. ID: 293 (0x00000125), Length: 7	f000000000001d
1736342840.300515889	Controller Area Network, Ext. ID: 188 (0x000000bc), Length: 8	000011fe51ff0023
1736342840.300527469	Controller Area Network, Ext. ID: 55 (0x00000037), Length: 7	00005400000698
1736342840.300540670	Controller Area Network, Ext. ID: 715 (0x000002cb), Length: 5	3c9f960043
1736342840.300552190	Controller Area Network, Ext. ID: 971 (0x000003cb), Length: 7	00000000161601
1736342840.300563780	Controller Area Network, Ext. ID: 166 (0x000000a6), Length: 8	00000040000000ee
1736342840.300575801	Controller Area Network, Ext. ID: 581 (0x00000245), Length: 5	000000004c
1736342840.300587491	Controller Area Network, Ext. ID: 295 (0x00000127), Length: 8	00100008000161aa
1736342840.300599011	Controller Area Network, Ext. ID: 713 (0x000002c9), Length: 8	000da70288000011
1736342840.300610461	Controller Area Network, Ext. ID: 50 (0x00000032), Length: 8	000000000000003a
1736342840.300622012	Controller Area Network, Ext. ID: 583 (0x00000247), Length: 7	06008000000000
1736342840.300633642	Controller Area Network, Ext. ID: 63 (0x0000003f), Length: 6	4702007e000c
1736342840.300645172	Controller Area Network, Ext. ID: 968 (0x000003c8), Length: 8	002c00000214051a
1736342840.300656692	Controller Area Network, Ext. ID: 1176 (0x00000498), Length: 8	500000b73900001e
1736342840.300668483	Controller Area Network, Ext. ID: 183 (0x000000b7), Length: 8	0000000000000000
1736342840.300680233	Controller Area Network, Ext. ID: 298 (0x0000012a), Length: 7	00000000000032
1736342840.300691813	Controller Area Network, Ext. ID: 36 (0x00000024), Length: 8	02000202420180f5
1736342840.300703623	Controller Area Network, Ext. ID: 55 (0x00000037), Length: 7	00005400000698
1736342840.300715404	Controller Area Network, Ext. ID: 301 (0x0000012d), Length: 8	7fff7fff7fffffaf
1736342840.300727094	Controller Area Network, Ext. ID: 164 (0x000000a4), Length: 8	40000000000000ec
1736342840.300738624	Controller Area Network, Ext. ID: 302 (0x0000012e), Length: 7	7fff7fff7fffb0
1736342840.300750224	Controller Area Network, Ext. ID: 188 (0x000000bc), Length: 8	000011fe51ff0023
1736342840.300761745	Controller Area Network, Ext. ID: 303 (0x0000012f), Length: 8	ff7fff7fff7fffb1
1736342840.300773465	Controller Area Network, Ext. ID: 296 (0x00000128), Length: 8	0000100000000041
1736342840.300785135	Controller Area Network, Ext. ID: 840 (0x00000348), Length: 8	00020000002c0485
1736342840.300796585	Controller Area Network, Ext. ID: 180 (0x000000b4), Length: 8	00000000000000bc
1736342840.300808506	Controller Area Network, Ext. ID: 566 (0x00000236), Length: 5	27ff030066
1736342840.300820126	Controller Area Network, Ext. ID: 50 (0x00000032), Length: 8	000000000000003a
1736342840.300832026	Controller Area Network, Ext. ID: 466 (0x000001d2), Length: 8	990402aa028800ae
1736342840.300843626	Controller Area Network, Ext. ID: 166 (0x000000a6), Length: 8	00000040000000ee
1736342840.300855387	Controller Area Network, Ext. ID: 63 (0x0000003f), Length: 6	4702007e000c
1736342840.300867137	Controller Area Network, Ext. ID: 293 (0x00000125), Length: 7	f000000000001d
1736342840.300878687	Controller Area Network, Ext. ID: 55 (0x00000037), Length: 7	00005400000698
1736342840.300890487	Controller Area Network, Ext. ID: 467 (0x000001d3), Length: 8	0028000000000004
1736342840.300902338	Controller Area Network, Ext. ID: 183 (0x000000b7), Length: 8	0000000000000000
1736342840.300913798	Controller Area Network, Ext. ID: 295 (0x00000127), Length: 8	00100008000161aa
1736342840.300925338	Controller Area Network, Ext. ID: 580 (0x00000244), Length: 8	110000000000005f
1736342840.300937498	Controller Area Network, Ext. ID: 50 (0x00000032), Length: 8	000000000000003a
1736342840.300949339	Controller Area Network, Ext. ID: 164 (0x000000a4), Length: 8	40000000000000ec
1736342840.300961069	Controller Area Network, Ext. ID: 63 (0x0000003f), Length: 6	4702007e000c
1736342840.300972599	Controller Area Network, Ext. ID: 188 (0x000000bc), Length: 8	000011fe51ff0023
1736342840.300984409	Controller Area Network, Ext. ID: 298 (0x0000012a), Length: 7	00000000000032
1736342840.300996220	Controller Area Network, Ext. ID: 55 (0x00000037), Length: 7	00005400000698
1736342840.301008250	Controller Area Network, Ext. ID: 860 (0x0000035c), Length: 8	00800000000000e7
1736342840.301020080	Controller Area Network, Ext. ID: 166 (0x000000a6), Length: 8	00000040000000ee
1736342840.301032131	Controller Area Network, Ext. ID: 581 (0x00000245), Length: 5	000000004c
1736342840.301044401	Controller Area Network, Ext. ID: 301 (0x0000012d), Length: 8	7fff7fff7fffffaf
1736342840.301056261	Controller Area Network, Ext. ID: 302 (0x0000012e), Length: 7	7fff7fff7fffb0
1736342840.301068211	Controller Area Network, Ext. ID: 303 (0x0000012f), Length: 8	ff7fff7fff7fffb1
1736342840.301080362	Controller Area Network, Ext. ID: 1180 (0x0000049c), Length: 8	0000010000002d02
1736342840.301092082	Controller Area Network, Ext. ID: 296 (0x00000128), Length: 8	0000100000000041
1736342840.301103992	Controller Area Network, Ext. ID: 583 (0x00000247), Length: 7	06008000000000
1736342840.301116122	Controller Area Network, Ext. ID: 50 (0x00000032), Length: 8	000000000000003a
1736342840.301128013	Controller Area Network, Ext. ID: 63 (0x0000003f), Length: 6	4702007e000c
1736342840.301139953	Controller Area Network, Ext. ID: 293 (0x00000125), Length: 7	f000000000001d
1736342840.301157953	Controller Area Network, Ext. ID: 970 (0x000003ca), Length: 6	0020000000f3
1736342840.301171724	Controller Area Network, Ext. ID: 183 (0x000000b7), Length: 8	0000000000000000
1736342840.301184284	Controller Area Network, Ext. ID: 715 (0x000002cb), Length: 5	3c9f960043
1736342840.301196524	Controller Area Network, Ext. ID: 55 (0x00000037), Length: 7	00005400000698
1736342840.301208404	Controller Area Network, Ext. ID: 164 (0x000000a4), Length: 8	40000000000000ec
1736342840.301220115	Controller Area Network, Ext. ID: 713 (0x000002c9), Length: 8	000da70288000011
1736342840.301231775	Controller Area Network, Ext. ID: 188 (0x000000bc), Length: 8	000011fe51ff0023
1736342840.301243535	Controller Area Network, Ext. ID: 295 (0x00000127), Length: 8	00100008000161aa
1736342840.301255105	Controller Area Network, Ext. ID: 180 (0x000000b4), Length: 8	00000000000000bc
1736342840.301266736	Controller Area Network, Ext. ID: 50 (0x00000032), Length: 8	000000000000003a
1736342840.301278586	Controller Area Network, Ext. ID: 566 (0x00000236), Length: 5	27ff030066
1736342840.301292096	Controller Area Network, Ext. ID: 1728 (0x000006c0), Length: 8	e40080a100010000
1736342840.301303866	Controller Area Network, Ext. ID: 166 (0x000000a6), Length: 8	00000040000000ee
1736342840.301315657	Controller Area Network, Ext. ID: 63 (0x0000003f), Length: 6	4702007e000c
1736342840.301327277	Controller Area Network, Ext. ID: 298 (0x0000012a), Length: 7	00000000000032
1736342840.301338927	Controller Area Network, Ext. ID: 55 (0x00000037), Length: 7	00005400000698
1736342840.301350617	Controller Area Network, Ext. ID: 301 (0x0000012d), Length: 8	7fff7fff7fffffaf
1736342840.301362198	Controller Area Network, Ext. ID: 302 (0x0000012e), Length: 7	7fff7fff7fffb0
1736342840.301373738	Controller Area Network, Ext. ID: 303 (0x0000012f), Length: 8	ff7fff7fff7fffb1
1736342840.301385298	Controller Area Network, Ext. ID: 752 (0x000002f0), Length: 4	1000fa00
1736342840.301396988	Controller Area Network, Ext. ID: 580 (0x00000244), Length: 8	110000000000005f
1736342840.301408519	Controller Area Network, Ext. ID: 840 (0x00000348), Length: 8	00020000002c0485
1736342840.301420139	Controller Area Network, Ext. ID: 183 (0x000000b7), Length: 8	0000000000000000
1736342840.301431629	Controller Area Network, Ext. ID: 296 (0x00000128), Length: 8	0000100000000041
1736342840.301443169	Controller Area Network, Ext. ID: 50 (0x00000032), Length: 8	000000000000003a
1736342840.301454700	Controller Area Network, Ext. ID: 466 (0x000001d2), Length: 8	990402aa028800ae
1736342840.301466340	Controller Area Network, Ext. ID: 63 (0x0000003f), Length: 6	4702007e000c
1736342840.301477910	Controller Area Network, Ext. ID: 293 (0x00000125), Length: 7	f000000000001d
1736342840.301489610	Controller Area Network, Ext. ID: 164 (0x000000a4), Length: 8	40000000000000ec
1736342840.301501201	Controller Area Network, Ext. ID: 188 (0x000000bc), Length: 8	000011fe51ff0023
1736342840.301512881	Controller Area Network, Ext. ID: 1191 (0x000004a7), Length: 8	8050241111580a16
1736342840.301524421	Controller Area Network, Ext. ID: 467 (0x000001d3), Length: 8	0028000000000004
1736342840.301536631	Controller Area Network, Ext. ID: 55 (0x00000037), Length: 7	00005400000698
1736342840.301548522	Controller Area Network, Ext. ID: 581 (0x00000245), Length: 5	000000004c
1736342840.301560162	Controller Area Network, Ext. ID: 166 (0x000000a6), Length: 8	00000040000000ee
1736342840.301572302	Controller Area Network, Ext. ID: 979 (0x000003d3), Length: 2	0000
1736342840.301584102	Controller Area Network, Ext. ID: 295 (0x00000127), Length: 8	00100008000161aa
1736342840.301595853	Controller Area Network, Ext. ID: 583 (0x00000247), Length: 7	06008000000000
1736342840.301607553	Controller Area Network, Ext. ID: 50 (0x00000032), Length: 8	000000000000003a
1736342840.301619623	Controller Area Network, Ext. ID: 1025 (0x00000401), Length: 8	2000000000000000
1736342840.301631543	Controller Area Network, Ext. ID: 63 (0x0000003f), Length: 6	4702007e000c
1736342840.301643614	Controller Area Network, Ext. ID: 829 (0x0000033d), Length: 2	0042
1736342840.301655544	Controller Area Network, Ext. ID: 298 (0x0000012a), Length: 7	00000000000032
1736342840.301667424	Controller Area Network, Ext. ID: 183 (0x000000b7), Length: 8	0000000000000000
1736342840.301679254	Controller Area Network, Ext. ID: 55 (0x00000037), Length: 7	00005400000698
1736342840.301691055	Controller Area Network, Ext. ID: 301 (0x0000012d), Length: 8	7fff7fff7fffffaf
1736342840.301702795	Controller Area Network, Ext. ID: 302 (0x0000012e), Length: 7	7fff7fff7fffb0
1736342840.301714935	Controller Area Network, Ext. ID: 303 (0x0000012f), Length: 8	ff7fff7fff7fffb1
1736342840.301727105	Controller Area Network, Ext. ID: 813 (0x0000032d), Length: 8	00511f4c00000000
1736342840.301738926	Controller Area Network, Ext. ID: 164 (0x000000a4), Length: 8	40000000000000ec
1736342840.301750766	Controller Area Network, Ext. ID: 188 (0x000000bc), Length: 8	000011fe51ff0023
1736342840.301762676	Controller Area Network, Ext. ID: 296 (0x00000128), Length: 8	0000100000000041
1736342840.301774657	Controller Area Network, Ext. ID: 50 (0x00000032), Length: 8	000000000000003a
1736342840.301786317	Controller Area Network, Ext. ID: 180 (0x000000b4), Length: 8	00000000000000bc
1736342840.301798257	Controller Area Network, Ext. ID: 566 (0x00000236), Length: 5	27ff030066
1736342840.301811467	Controller Area Network, Ext. ID: 1018 (0x000003fa), Length: 1	ff
1736342840.301823808	Controller Area Network, Ext. ID: 63 (0x0000003f), Length: 6	4702007e000c
1736342840.301835758	Controller Area Network, Ext. ID: 166 (0x000000a6), Length: 8	00000040000000ee
1736342840.301848058	Controller Area Network, Ext. ID: 293 (0x00000125), Length: 7	f000000000001d
1736342840.301860018	Controller Area Network, Ext. ID: 816 (0x00000330), Length: 8	0000000040000100
1736342840.301871899	Controller Area Network, Ext. ID: 715 (0x000002cb), Length: 5	3c9f960043
1736342840.301883839	Controller Area Network, Ext. ID: 55 (0x00000037), Length: 7	00005400000698
1736342840.301895919	Controller Area Network, Ext. ID: 928 (0x000003a0), Length: 8	0068000000000030
1736342840.301907599	Controller Area Network, Ext. ID: 580 (0x00000244), Length: 8	1100ffff0000005d
1736342840.301919190	Controller Area Network, Ext. ID: 1177 (0x00000499), Length: 8	d50044800000000f
1736342840.301931100	Controller Area Network, Ext. ID: 713 (0x000002c9), Length: 8	000da70288000011
1736342840.301942850	Controller Area Network, Ext. ID: 1197 (0x000004ad), Length: 8	46000b037103007f
1736342840.301955200	Controller Area Network, Ext. ID: 183 (0x000000b7), Length: 8	0000000000000000
1736342840.301967041	Controller Area Network, Ext. ID: 50 (0x00000032), Length: 8	000000000000003a
1736342840.301978831	Controller Area Network, Ext. ID: 295 (0x00000127), Length: 8	00100008000161aa
1736342840.301990881	Controller Area Network, Ext. ID: 298 (0x0000012a), Length: 7	00000000000032
1736342840.302003161	Controller Area Network, Ext. ID: 63 (0x0000003f), Length: 6	4702007e000c
1736342840.302015032	Controller Area Network, Ext. ID: 968 (0x000003c8), Length: 8	002c00000214051a
1736342840.302027002	Controller Area Network, Ext. ID: 164 (0x000000a4), Length: 8	40000000000000ec
1736342840.302038832	Controller Area Network, Ext. ID: 188 (0x000000bc), Length: 8	000011fe51ff0023
1736342840.302051062	Controller Area Network, Ext. ID: 581 (0x00000245), Length: 5	000000004c
1736342840.302064053	Controller Area Network, Ext. ID: 301 (0x0000012d), Length: 8	7fff7fff7fffffaf
1736342840.302076333	Controller Area Network, Ext. ID: 55 (0x00000037), Length: 7	00005400000698
1736342840.302088263	Controller Area Network, Ext. ID: 302 (0x0000012e), Length: 7	7fff7fff7fffb0
1736342840.302100083	Controller Area Network, Ext. ID: 303 (0x0000012f), Length: 8	ff7fff7fff7fffb1
1736342840.302111684	Controller Area Network, Ext. ID: 840 (0x00000348), Length: 8	00020000002c0485
1736342840.302123684	Controller Area Network, Ext. ID: 166 (0x000000a6), Length: 8	00000040000000ee
1736342840.302135624	Controller Area Network, Ext. ID: 583 (0x00000247), Length: 7	06008000000000
1736342840.302147875	Controller Area Network, Ext. ID: 50 (0x00000032), Length: 8	000000000000003a
1736342840.302165515	Controller Area Network, Ext. ID: 296 (0x00000128), Length: 8	0000100000000041
1736342840.302177095	Controller Area Network, Ext. ID: 466 (0x000001d2), Length: 8	990402aa028800ae
1736342840.302189375	Controller Area Network, Ext. ID: 63 (0x0000003f), Length: 6	4702007e000c
1736342840.302201256	Controller Area Network, Ext. ID: 293 (0x00000125), Length: 7	f000000000001d
1736342840.302212946	Controller Area Network, Ext. ID: 1178 (0x0000049a), Length: 8	000f9b3420a24cc0
1736342840.302224476	Controller Area Network, Ext. ID: 467 (0x000001d3), Length: 8	0028000000000004
1736342840.302236446	Controller Area Network, Ext. ID: 183 (0x000000b7), Length: 8	0000000000000000
1736342840.302248517	Controller Area Network, Ext. ID: 55 (0x00000037), Length: 7	00005400000698
1736342840.302260297	Controller Area Network, Ext. ID: 1056 (0x00000420), Length: 8	00000000feff80a9
1736342840.302272177	Controller Area Network, Ext. ID: 164 (0x000000a4), Length: 8	40000000000000ec
1736342840.302283897	Controller Area Network, Ext. ID: 50 (0x00000032), Length: 8	000000000000003a
1736342840.302295678	Controller Area Network, Ext. ID: 295 (0x00000127), Length: 8	00100008000161aa
1736342840.302307948	Controller Area Network, Ext. ID: 188 (0x000000bc), Length: 8	000011fe51ff0023
1736342840.302319708	Controller Area Network, Ext. ID: 180 (0x000000b4), Length: 8	00000000000000bc
1736342840.302334599	Controller Area Network, Ext. ID: 298 (0x0000012a), Length: 7	00000000000032
1736342840.302346819	Controller Area Network, Ext. ID: 566 (0x00000236), Length: 5	27ff030066
1736342840.302359149	Controller Area Network, Ext. ID: 63 (0x0000003f), Length: 6	4702007e000c
1736342840.302371119	Controller Area Network, Ext. ID: 166 (0x000000a6), Length: 8	00000040000000ee
1736342840.302383260	Controller Area Network, Ext. ID: 301 (0x0000012d), Length: 8	7fff7fff7fffffaf
1736342840.302394900	Controller Area Network, Ext. ID: 302 (0x0000012e), Length: 7	7fff7fff7fffb0
1736342840.302406610	Controller Area Network, Ext. ID: 55 (0x00000037), Length: 7	00005400000698
1736342840.302418370	Controller Area Network, Ext. ID: 303 (0x0000012f), Length: 8	ff7fff7fff7fffb1
1736342840.302430281	Controller Area Network, Ext. ID: 580 (0x00000244), Length: 8	1100000100010061
1736342840.302442271	Controller Area Network, Ext. ID: 50 (0x00000032), Length: 8	000000000000003a
1736342840.302453981	Controller Area Network, Ext. ID: 296 (0x00000128), Length: 8	0000100000000041
1736342840.302465621	Controller Area Network, Ext. ID: 183 (0x000000b7), Length: 8	0000000000000000
1736342840.302477172	Controller Area Network, Ext. ID: 63 (0x0000003f), Length: 6	4702007e000c
1736342840.302488802	Controller Area Network, Ext. ID: 715 (0x000002cb), Length: 5	3c9f960043
1736342840.302500352	Controller Area Network, Ext. ID: 293 (0x00000125), Length: 7	f000000000001d
1736342840.302512032	Controller Area Network, Ext. ID: 581 (0x00000245), Length: 5	000000004c
1736342840.302523793	Controller Area Network, Ext. ID: 164 (0x000000a4), Length: 8	40000000000000ec
1736342840.302537753	Controller Area Network, Ext. ID: 188 (0x000000bc), Length: 8	000011fe51ff0023
1736342840.302549413	Controller Area Network, Ext. ID: 55 (0x00000037), Length: 7	00005400000698
1736342840.302561033	Controller Area Network, Ext. ID: 713 (0x000002c9), Length: 8	000da70288000011
1736342840.302573034	Controller Area Network, Ext. ID: 583 (0x00000247), Length: 7	06008000000000
1736342840.302584634	Controller Area Network, Ext. ID: 166 (0x000000a6), Length: 8	00000040000000ee
1736342840.302596314	Controller Area Network, Ext. ID: 50 (0x00000032), Length: 8	000000000000003a
1736342840.302608114	Controller Area Network, Ext. ID: 295 (0x00000127), Length: 8	00100008000161aa
1736342840.302619805	Controller Area Network, Ext. ID: 971 (0x000003cb), Length: 7	00000000161601
1736342840.302631465	Controller Area Network, Ext. ID: 298 (0x0000012a), Length: 7	00000000000032
1736342840.302643185	Controller Area Network, Ext. ID: 63 (0x0000003f), Length: 6	4702007e000c
1736342840.302654855	Controller Area Network, Ext. ID: 183 (0x000000b7), Length: 8	0000000000000000
1736342840.302666546	Controller Area Network, Ext. ID: 301 (0x0000012d), Length: 8	7fff7fff7fffffaf
1736342840.302678276	Controller Area Network, Ext. ID: 302 (0x0000012e), Length: 7	7fff7fff7fffb0
1736342840.302689896	Controller Area Network, Ext. ID: 303 (0x0000012f), Length: 8	ff7fff7fff7fffb1
1736342840.302701576	Controller Area Network, Ext. ID: 55 (0x00000037), Length: 7	00005400000698
1736342840.302713237	Controller Area Network, Ext. ID: 840 (0x00000348), Length: 8	00020000002c0485
1736342840.302725017	Controller Area Network, Ext. ID: 36 (0x00000024), Length: 8	02000202420180f5
1736342840.302736557	Controller Area Network, Ext. ID: 752 (0x000002f0), Length: 4	1000fa00
1736342840.302748117	Controller Area Network, Ext. ID: 466 (0x000001d2), Length: 8	990402aa028800ae
1736342840.302759538	Controller Area Network, Ext. ID: 50 (0x00000032), Length: 8	000000000000003a
1736342840.302771298	Controller Area Network, Ext. ID: 164 (0x000000a4), Length: 8	40000000000000ec
1736342840.302782958	Controller Area Network, Ext. ID: 296 (0x00000128), Length: 8	0000100000000041
1736342840.302794578	Controller Area Network, Ext. ID: 188 (0x000000bc), Length: 8	000011fe51ff0023
1736342840.302806099	Controller Area Network, Ext. ID: 180 (0x000000b4), Length: 8	00000000000000bc
1736342840.302817819	Controller Area Network, Ext. ID: 467 (0x000001d3), Length: 8	0028000000000004
1736342840.302829439	Controller Area Network, Ext. ID: 63 (0x0000003f), Length: 6	4702007e000c
1736342840.302841109	Controller Area Network, Ext. ID: 566 (0x00000236), Length: 5	27ff030066
1736342840.302852720	Controller Area Network, Ext. ID: 293 (0x00000125), Length: 7	f000000000001d
1736342840.302864370	Controller Area Network, Ext. ID: 166 (0x000000a6), Length: 8	00000040000000ee
1736342840.302875920	Controller Area Network, Ext. ID: 580 (0x00000244), Length: 8	1100000300000062
1736342840.302887460	Controller Area Network, Ext. ID: 55 (0x00000037), Length: 7	00005400000698
1736342840.302899211	Controller Area Network, Ext. ID: 1568 (0x00000620), Length: 8	10000000f0000810
1736342840.302910811	Controller Area Network, Ext. ID: 50 (0x00000032), Length: 8	000000000000003a
1736342840.302922441	Controller Area Network, Ext. ID: 295 (0x00000127), Length: 8	00100008000161aa
1736342840.302933981	Controller Area Network, Ext. ID: 183 (0x000000b7), Length: 8	0000000000000000
1736342840.302945582	Controller Area Network, Ext. ID: 298 (0x0000012a), Length: 7	00000000000032
1736342840.302957312	Controller Area Network, Ext. ID: 581 (0x00000245), Length: 5	000000004c
1736342840.302968912	Controller Area Network, Ext. ID: 63 (0x0000003f), Length: 6	4702007e000c
1736342840.302980472	Controller Area Network, Ext. ID: 164 (0x000000a4), Length: 8	40000000000000ec
1736342840.302992323	Controller Area Network, Ext. ID: 301 (0x0000012d), Length: 8	7fff7fff7fffffaf
1736342840.303003983	Controller Area Network, Ext. ID: 302 (0x0000012e), Length: 7	7fff7fff7fffb0
1736342840.303015693	Controller Area Network, Ext. ID: 188 (0x000000bc), Length: 8	000011fe51ff0023
1736342840.303027293	Controller Area Network, Ext. ID: 303 (0x0000012f), Length: 8	ff7fff7fff7fffb1
1736342840.303038954	Controller Area Network, Ext. ID: 55 (0x00000037), Length: 7	00005400000698
1736342840.303050304	Controller Area Network, Ext. ID: 583 (0x00000247), Length: 7	06008000000000
1736342840.303061794	Controller Area Network, Ext. ID: 975 (0x000003cf), Length: 5	10001b080a
1736342840.303073234	Controller Area Network, Ext. ID: 50 (0x00000032), Length: 8	000000000000003a
1736342840.303084685	Controller Area Network, Ext. ID: 860 (0x0000035c), Length: 8	00800000000000e7
1736342840.303096345	Controller Area Network, Ext. ID: 166 (0x000000a6), Length: 8	00000040000000ee
1736342840.303107965	Controller Area Network, Ext. ID: 296 (0x00000128), Length: 8	0000100000000041
1736342840.303127056	Controller Area Network, Ext. ID: 715 (0x000002cb), Length: 5	3c9f960043
1736342840.303139176	Controller Area Network, Ext. ID: 63 (0x0000003f), Length: 6	4702007e000c
1736342840.303150866	Controller Area Network, Ext. ID: 293 (0x00000125), Length: 7	f000000000001d
1736342840.303162596	Controller Area Network, Ext. ID: 713 (0x000002c9), Length: 8	000da70288000011
1736342840.303174237	Controller Area Network, Ext. ID: 183 (0x000000b7), Length: 8	0000000000000000
1736342840.303186037	Controller Area Network, Ext. ID: 55 (0x00000037), Length: 7	00005400000698
1736342840.303197777	Controller Area Network, Ext. ID: 970 (0x000003ca), Length: 6	0020000000f3
1736342840.303209377	Controller Area Network, Ext. ID: 50 (0x00000032), Length: 8	000000000000003a
1736342840.303220958	Controller Area Network, Ext. ID: 164 (0x000000a4), Length: 8	40000000000000ec
1736342840.303232668	Controller Area Network, Ext. ID: 295 (0x00000127), Length: 8	00100008000161aa
1736342840.303244258	Controller Area Network, Ext. ID: 188 (0x000000bc), Length: 8	000011fe51ff0023
1736342840.303256188	Controller Area Network, Ext. ID: 298 (0x0000012a), Length: 7	00000000000032
1736342840.303267959	Controller Area Network, Ext. ID: 180 (0x000000b4), Length: 8	00000000000000bc
1736342840.303279759	Controller Area Network, Ext. ID: 566 (0x00000236), Length: 5	27ff030066
1736342840.303291559	Controller Area Network, Ext. ID: 63 (0x0000003f), Length: 6	4702007e000c
1736342840.303303329	Controller Area Network, Ext. ID: 968 (0x000003c8), Length: 8	002c000002140318
1736342840.303314980	Controller Area Network, Ext. ID: 580 (0x00000244), Length: 8	110000000000005f
1736342840.303326600	Controller Area Network, Ext. ID: 166 (0x000000a6), Length: 8	00000040000000ee
1736342840.303338250	Controller Area Network, Ext. ID: 301 (0x0000012d), Length: 8	7fff7fff7fffffaf
1736342840.303349810	Controller Area Network, Ext. ID: 302 (0x0000012e), Length: 7	7fff7fff7fffb0
1736342840.303361381	Controller Area Network, Ext. ID: 303 (0x0000012f), Length: 8	ff7fff7fff7fffb1
1736342840.303373151	Controller Area Network, Ext. ID: 840 (0x00000348), Length: 8	00020000002c0485
1736342840.303384801	Controller Area Network, Ext. ID: 1017 (0x000003f9), Length: 8	941c56420000004c
1736342840.303396531	Controller Area Network, Ext. ID: 55 (0x00000037), Length: 7	00005400000698
1736342840.303408292	Controller Area Network, Ext. ID: 466 (0x000001d2), Length: 8	990402aa028800ae
1736342840.303420052	Controller Area Network, Ext. ID: 50 (0x00000032), Length: 8	000000000000003a
1736342840.303431822	Controller Area Network, Ext. ID: 296 (0x00000128), Length: 8	0000100000000041
1736342840.303443332	Controller Area Network, Ext. ID: 467 (0x000001d3), Length: 8	0028000000000004
1736342840.303455543	Controller Area Network, Ext. ID: 183 (0x000000b7), Length: 8	0000000000000000
1736342840.303466923	Controller Area Network, Ext. ID: 581 (0x00000245), Length: 5	000000004c
1736342840.303479383	Controller Area Network, Ext. ID: 955 (0x000003bb), Length: 8	0000000000000000
1736342840.303500734	Controller Area Network, Ext. ID: 63 (0x0000003f), Length: 6	4702007e000c
1736342840.303519884	Controller Area Network, Ext. ID: 293 (0x00000125), Length: 7	f000000000001d
1736342840.303533724	Controller Area Network, Ext. ID: 583 (0x00000247), Length: 7	06008000000000
1736342840.303547135	Controller Area Network, Ext. ID: 164 (0x000000a4), Length: 8	40000000000000ec
1736342840.303559285	Controller Area Network, Ext. ID: 188 (0x000000bc), Length: 8	000011fe51ff0023
1736342840.303571075	Controller Area Network, Ext. ID: 55 (0x00000037), Length: 7	00005400000698
1736342840.303582725	Controller Area Network, Ext. ID: 50 (0x00000032), Length: 8	000000000000003a
1736342840.303594926	Controller Area Network, Ext. ID: 166 (0x000000a6), Length: 8	00000040000000ee
1736342840.303607246	Controller Area Network, Ext. ID: 295 (0x00000127), Length: 8	00100008000161aa
1736342840.303618956	Controller Area Network, Ext. ID: 298 (0x0000012a), Length: 7	00000000000032
1736342840.303630686	Controller Area Network, Ext. ID: 63 (0x0000003f), Length: 6	4702007e000c
1736342840.303642407	Controller Area Network, Ext. ID: 301 (0x0000012d), Length: 8	7fff7fff7fffffaf
1736342840.303654217	Controller Area Network, Ext. ID: 302 (0x0000012e), Length: 7	7fff7fff7fffb0
1736342840.303665837	Controller Area Network, Ext. ID: 303 (0x0000012f), Length: 8	ff7fff7fff7fffb1
1736342840.303677817	Controller Area Network, Ext. ID: 183 (0x000000b7), Length: 8	0000000000000000
1736342840.303689918	Controller Area Network, Ext. ID: 55 (0x00000037), Length: 7	00005400000698
1736342840.303701858	Controller Area Network, Ext. ID: 50 (0x00000032), Length: 8	000000000000003a
1736342840.303713858	Controller Area Network, Ext. ID: 813 (0x0000032d), Length: 8	00511f4c00000000
1736342840.303725878	Controller Area Network, Ext. ID: 296 (0x00000128), Length: 8	0000100000000041
1736342840.303738199	Controller Area Network, Ext. ID: 164 (0x000000a4), Length: 8	40000000000000ec
1736342840.303750619	Controller Area Network, Ext. ID: 715 (0x000002cb), Length: 5	3c9f960043
1736342840.303763129	Controller Area Network, Ext. ID: 188 (0x000000bc), Length: 8	000011fe51ff0023
1736342840.303775249	Controller Area Network, Ext. ID: 816 (0x00000330), Length: 8	0000000040000100
1736342840.303787370	Controller Area Network, Ext. ID: 1033 (0x00000409), Length: 5	0000000012
1736342840.303799230	Controller Area Network, Ext. ID: 180 (0x000000b4), Length: 8	00000000000000bc
1736342840.303811090	Controller Area Network, Ext. ID: 580 (0x00000244), Length: 8	1100ffff0000005d
1736342840.303822770	Controller Area Network, Ext. ID: 566 (0x00000236), Length: 5	27ff030066
1736342840.303835001	Controller Area Network, Ext. ID: 63 (0x0000003f), Length: 6	4702007e000c
1736342840.303847031	Controller Area Network, Ext. ID: 293 (0x00000125), Length: 7	f000000000001d
1736342840.303858951	Controller Area Network, Ext. ID: 713 (0x000002c9), Length: 8	000da70288000011
1736342840.303870751	Controller Area Network, Ext. ID: 166 (0x000000a6), Length: 8	00000040000000ee
1736342840.303882822	Controller Area Network, Ext. ID: 55 (0x00000037), Length: 7	00005400000698
1736342840.303894702	Controller Area Network, Ext. ID: 50 (0x00000032), Length: 8	000000000000003a
1736342840.303906932	Controller Area Network, Ext. ID: 928 (0x000003a0), Length: 8	0068000000000030
1736342840.303918743	Controller Area Network, Ext. ID: 295 (0x00000127), Length: 8	00100008000161aa
1736342840.303930683	Controller Area Network, Ext. ID: 581 (0x00000245), Length: 5	000000004c
1736342840.303942573	Controller Area Network, Ext. ID: 298 (0x0000012a), Length: 7	00000000000032
1736342840.303954533	Controller Area Network, Ext. ID: 183 (0x000000b7), Length: 8	0000000000000000
1736342840.303966264	Controller Area Network, Ext. ID: 63 (0x0000003f), Length: 6	4702007e000c
1736342840.303978144	Controller Area Network, Ext. ID: 301 (0x0000012d), Length: 8	7fff7fff7fffffaf
1736342840.303990034	Controller Area Network, Ext. ID: 302 (0x0000012e), Length: 7	7fff7fff7fffb0
1736342840.304001674	Controller Area Network, Ext. ID: 303 (0x0000012f), Length: 8	ff7fff7fff7fffb1
1736342840.304013385	Controller Area Network, Ext. ID: 583 (0x00000247), Length: 7	06008000000000
1736342840.304025055	Controller Area Network, Ext. ID: 840 (0x00000348), Length: 8	00020000002c0485
1736342840.304036765	Controller Area Network, Ext. ID: 164 (0x000000a4), Length: 8	40000000000000ec
1736342840.304048345	Controller Area Network, Ext. ID: 55 (0x00000037), Length: 7	00005400000698
1736342840.304060116	Controller Area Network, Ext. ID: 466 (0x000001d2), Length: 8	990402aa028800ae
1736342840.304071806	Controller Area Network, Ext. ID: 188 (0x000000bc), Length: 8	000011fe51ff0023
1736342840.304083436	Controller Area Network, Ext. ID: 50 (0x00000032), Length: 8	000000000000003a
1736342840.304095256	Controller Area Network, Ext. ID: 752 (0x000002f0), Length: 4	1000fa00
1736342840.304106877	Controller Area Network, Ext. ID: 296 (0x00000128), Length: 8	0000100000000041
1736342840.304118647	Controller Area Network, Ext. ID: 467 (0x000001d3), Length: 8	0028000000000004
1736342840.304130257	Controller Area Network, Ext. ID: 166 (0x000000a6), Length: 8	00000040000000ee
1736342840.304142167	Controller Area Network, Ext. ID: 63 (0x0000003f), Length: 6	4702007e000c
1736342840.304153748	Controller Area Network, Ext. ID: 293 (0x00000125), Length: 7	f000000000001d
1736342840.304165368	Controller Area Network, Ext. ID: 55 (0x00000037), Length: 7	00005400000698
1736342840.304176868	Controller Area Network, Ext. ID: 183 (0x000000b7), Length: 8	0000000000000000
1736342840.304188598	Controller Area Network, Ext. ID: 50 (0x00000032), Length: 8	000000000000003a
1736342840.304200699	Controller Area Network, Ext. ID: 298 (0x0000012a), Length: 7	00000000000032
1736342840.304212379	Controller Area Network, Ext. ID: 295 (0x00000127), Length: 8	00100008000161aa
1736342840.304224089	Controller Area Network, Ext. ID: 164 (0x000000a4), Length: 8	40000000000000ec
1736342840.304235729	Controller Area Network, Ext. ID: 580 (0x00000244), Length: 8	110000000000005f
1736342840.304247400	Controller Area Network, Ext. ID: 188 (0x000000bc), Length: 8	000011fe51ff0023
1736342840.304259050	Controller Area Network, Ext. ID: 180 (0x000000b4), Length: 8	00000000000000bc
1736342840.304270900	Controller Area Network, Ext. ID: 301 (0x0000012d), Length: 8	7fff7fff7fffffaf
1736342840.304282580	Controller Area Network, Ext. ID: 63 (0x0000003f), Length: 6	4702007e000c
1736342840.304294311	Controller Area Network, Ext. ID: 302 (0x0000012e), Length: 7	7fff7fff7fffb0
1736342840.304306131	Controller Area Network, Ext. ID: 303 (0x0000012f), Length: 8	ff7fff7fff7fffb1
1736342840.304318031	Controller Area Network, Ext. ID: 566 (0x00000236), Length: 5	27ff030066
1736342840.304329661	Controller Area Network, Ext. ID: 1016 (0x000003f8), Length: 8	0000014301ff0000
1736342840.304341462	Controller Area Network, Ext. ID: 166 (0x000000a6), Length: 8	00000040000000ee
1736342840.304353332	Controller Area Network, Ext. ID: 55 (0x00000037), Length: 7	00005400000698
1736342840.304365012	Controller Area Network, Ext. ID: 50 (0x00000032), Length: 8	000000000000003a
1736342840.304377712	Controller Area Network, Ext. ID: 581 (0x00000245), Length: 5	000000004c
1736342840.304389543	Controller Area Network, Ext. ID: 715 (0x000002cb), Length: 5	3c9f960043
1736342840.304401723	Controller Area Network, Ext. ID: 296 (0x00000128), Length: 8	0000100000000041
1736342840.304413703	Controller Area Network, Ext. ID: 183 (0x000000b7), Length: 8	0000000000000000
1736342840.304425523	Controller Area Network, Ext. ID: 583 (0x00000247), Length: 7	06008000000000
1736342840.304437334	Controller Area Network, Ext. ID: 713 (0x000002c9), Length: 8	000da70288000011
1736342840.304449134	Controller Area Network, Ext. ID: 63 (0x0000003f), Length: 6	4702007e000c
1736342840.304461374	Controller Area Network, Ext. ID: 293 (0x00000125), Length: 7	f000000000001d
1736342840.304473284	Controller Area Network, Ext. ID: 164 (0x000000a4), Length: 8	40000000000000ec
1736342840.304485165	Controller Area Network, Ext. ID: 188 (0x000000bc), Length: 8	000011fe51ff0023
1736342840.304496895	Controller Area Network, Ext. ID: 50 (0x00000032), Length: 8	000000000000003a
1736342840.304508595	Controller Area Network, Ext. ID: 55 (0x00000037), Length: 7	00005400000698
1736342840.304520435	Controller Area Network, Ext. ID: 298 (0x0000012a), Length: 7	00000000000032
1736342840.304532196	Controller Area Network, Ext. ID: 166 (0x000000a6), Length: 8	00000040000000ee
1736342840.304543936	Controller Area Network, Ext. ID: 295 (0x00000127), Length: 8	00100008000161aa
1736342840.304555566	Controller Area Network, Ext. ID: 301 (0x0000012d), Length: 8	7fff7fff7fffffaf
1736342840.304567116	Controller Area Network, Ext. ID: 302 (0x0000012e), Length: 7	7fff7fff7fffb0
1736342840.304578947	Controller Area Network, Ext. ID: 303 (0x0000012f), Length: 8	ff7fff7fff7fffb1
1736342840.304590617	Controller Area Network, Ext. ID: 840 (0x00000348), Length: 8	00020000002c0485
1736342840.304602347	Controller Area Network, Ext. ID: 63 (0x0000003f), Length: 6	4702007e000c
1736342840.304614017	Controller Area Network, Ext. ID: 968 (0x000003c8), Length: 8	002c000002140419
1736342840.304625768	Controller Area Network, Ext. ID: 971 (0x000003cb), Length: 7	00000000161601
1736342840.304637418	Controller Area Network, Ext. ID: 923 (0x0000039b), Length: 8	0004000000000000
1736342840.304649088	Controller Area Network, Ext. ID: 466 (0x000001d2), Length: 8	990402aa028800ae
1736342840.304660878	Controller Area Network, Ext. ID: 50 (0x00000032), Length: 8	000000000000003a
1736342840.304672649	Controller Area Network, Ext. ID: 55 (0x00000037), Length: 7	00005400000698
1736342840.304684389	Controller Area Network, Ext. ID: 183 (0x000000b7), Length: 8	0000000000000000
1736342840.304696299	Controller Area Network, Ext. ID: 467 (0x000001d3), Length: 8	0028000000000004
1736342840.304707819	Controller Area Network, Ext. ID: 36 (0x00000024), Length: 8	02000202420180f5
1736342840.304719320	Controller Area Network, Ext. ID: 296 (0x00000128), Length: 8	0000100000000041
1736342840.304730850	Controller Area Network, Ext. ID: 580 (0x00000244), Length: 8	1100000100000060
1736342840.304742420	Controller Area Network, Ext. ID: 164 (0x000000a4), Length: 8	40000000000000ec
1736342840.304754380	Controller Area Network, Ext. ID: 188 (0x000000bc), Length: 8	000011fe51ff0023
1736342840.304766091	Controller Area Network, Ext. ID: 945 (0x000003b1), Length: 8	0000020a000800d0
1736342840.304777831	Controller Area Network, Ext. ID: 63 (0x0000003f), Length: 6	4702007e000c
1736342840.304789581	Controller Area Network, Ext. ID: 180 (0x000000b4), Length: 8	00000000000000bc
1736342840.304801311	Controller Area Network, Ext. ID: 293 (0x00000125), Length: 7	f000000000001d
1736342840.304813132	Controller Area Network, Ext. ID: 566 (0x00000236), Length: 5	27ff030066
1736342840.304824742	Controller Area Network, Ext. ID: 166 (0x000000a6), Length: 8	00000040000000ee
1736342840.304837182	Controller Area Network, Ext. ID: 50 (0x00000032), Length: 8	000000000000003a
1736342840.304849172	Controller Area Network, Ext. ID: 55 (0x00000037), Length: 7	00005400000698
1736342840.304860973	Controller Area Network, Ext. ID: 581 (0x00000245), Length: 5	000000004c
1736342840.304872893	Controller Area Network, Ext. ID: 298 (0x0000012a), Length: 7	00000000000032
1736342840.304884773	Controller Area Network, Ext. ID: 295 (0x00000127), Length: 8	00100008000161aa
1736342840.304896754	Controller Area Network, Ext. ID: 583 (0x00000247), Length: 7	06008000000000
1736342840.304908424	Controller Area Network, Ext. ID: 183 (0x000000b7), Length: 8	0000000000000000
1736342840.304920124	Controller Area Network, Ext. ID: 301 (0x0000012d), Length: 8	7fff7fff7fffffaf
1736342840.304931884	Controller Area Network, Ext. ID: 302 (0x0000012e), Length: 7	7fff7fff7fffb0
1736342840.304943505	Controller Area Network, Ext. ID: 303 (0x0000012f), Length: 8	ff7fff7fff7fffb1
1736342840.304955295	Controller Area Network, Ext. ID: 63 (0x0000003f), Length: 6	4702007e000c
1736342840.304966935	Controller Area Network, Ext. ID: 50 (0x00000032), Length: 8	000000000000003a
1736342840.304978525	Controller Area Network, Ext. ID: 164 (0x000000a4), Length: 8	40000000000000ec
1736342840.304990176	Controller Area Network, Ext. ID: 55 (0x00000037), Length: 7	00005400000698
1736342840.305001926	Controller Area Network, Ext. ID: 188 (0x000000bc), Length: 8	000011fe51ff0023
1736342840.305013536	Controller Area Network, Ext. ID: 715 (0x000002cb), Length: 5	3c9f960043
1736342840.305025456	Controller Area Network, Ext. ID: 296 (0x00000128), Length: 8	0000100000000041
1736342840.305036987	Controller Area Network, Ext. ID: 166 (0x000000a6), Length: 8	00000040000000ee
1736342840.305048657	Controller Area Network, Ext. ID: 713 (0x000002c9), Length: 8	000da7028b000014
1736342840.305060457	Controller Area Network, Ext. ID: 860 (0x0000035c), Length: 8	00800000000000e7
1736342840.305072157	Controller Area Network, Ext. ID: 63 (0x0000003f), Length: 6	4702007e000c
1736342840.305084818	Controller Area Network, Ext. ID: 293 (0x00000125), Length: 7	f000000000001d
1736342840.305096548	Controller Area Network, Ext. ID: 50 (0x00000032), Length: 8	000000000000003a
1736342840.305108528	Controller Area Network, Ext. ID: 55 (0x00000037), Length: 7	000054ffff0696
1736342840.305120318	Controller Area Network, Ext. ID: 183 (0x000000b7), Length: 8	0000000000000000
1736342840.305132049	Controller Area Network, Ext. ID: 298 (0x0000012a), Length: 7	00000000000032
1736342840.305143879	Controller Area Network, Ext. ID: 580 (0x00000244), Length: 8	11000000ffff005d
1736342840.305162489	Controller Area Network, Ext. ID: 970 (0x000003ca), Length: 6	0020000000f3
1736342840.305175950	Controller Area Network, Ext. ID: 295 (0x00000127), Length: 8	00100008000161aa
1736342840.305187940	Controller Area Network, Ext. ID: 840 (0x00000348), Length: 8	00020000002c0485
1736342840.305199520	Controller Area Network, Ext. ID: 301 (0x0000012d), Length: 8	7fff7fff7fffffaf
1736342840.305211340	Controller Area Network, Ext. ID: 164 (0x000000a4), Length: 8	40000000000000ec
1736342840.305223091	Controller Area Network, Ext. ID: 302 (0x0000012e), Length: 7	7fff7fff7fffb0
1736342840.305235021	Controller Area Network, Ext. ID: 188 (0x000000bc), Length: 8	000011fe51ff0023
1736342840.305248651	Controller Area Network, Ext. ID: 303 (0x0000012f), Length: 8	ff7fff7fff7fffb1
1736342840.305261451	Controller Area Network, Ext. ID: 63 (0x0000003f), Length: 6	4702007e000c
1736342840.305273722	Controller Area Network, Ext. ID: 466 (0x000001d2), Length: 8	990402aa028800ae
1736342840.305285272	Controller Area Network, Ext. ID: 180 (0x000000b4), Length: 8	00000000000000bc
1736342840.305297252	Controller Area Network, Ext. ID: 566 (0x00000236), Length: 5	27ff030066
1736342840.305309172	Controller Area Network, Ext. ID: 50 (0x00000032), Length: 8	000000000000003a
1736342840.305321023	Controller Area Network, Ext. ID: 735 (0x000002df), Length: 8	0000000000000000
1736342840.305332863	Controller Area Network, Ext. ID: 166 (0x000000a6), Length: 8	00000040000000ee
1736342840.305344763	Controller Area Network, Ext. ID: 55 (0x00000037), Length: 7	00005400000698
1736342840.305356713	Controller Area Network, Ext. ID: 921 (0x00000399), Length: 8	0000001e00000200
1736342840.305368304	Controller Area Network, Ext. ID: 581 (0x00000245), Length: 5	000000004c
1736342840.305379944	Controller Area Network, Ext. ID: 467 (0x000001d3), Length: 8	0028000000000004
1736342840.305391964	Controller Area Network, Ext. ID: 752 (0x000002f0), Length: 4	1000fa00
1736342840.305403684	Controller Area Network, Ext. ID: 296 (0x00000128), Length: 8	0000100000000041
1736342840.305415405	Controller Area Network, Ext. ID: 583 (0x00000247), Length: 7	06008000000000
1736342840.305427225	Controller Area Network, Ext. ID: 183 (0x000000b7), Length: 8	0000000000000000
1736342840.305439125	Controller Area Network, Ext. ID: 63 (0x0000003f), Length: 6	4702007e000c
1736342840.305450956	Controller Area Network, Ext. ID: 293 (0x00000125), Length: 7	f000000000001d
1736342840.305462386	Controller Area Network, Ext. ID: 50 (0x00000032), Length: 8	000000000000003a
1736342840.305474156	Controller Area Network, Ext. ID: 55 (0x00000037), Length: 7	00005400000698
1736342840.305485866	Controller Area Network, Ext. ID: 1424 (0x00000590), Length: 8	0000000000010000
1736342840.305497807	Controller Area Network, Ext. ID: 164 (0x000000a4), Length: 8	40000000000000ec
1736342840.305509667	Controller Area Network, Ext. ID: 298 (0x0000012a), Length: 7	00000000000032
1736342840.305521457	Controller Area Network, Ext. ID: 188 (0x000000bc), Length: 8	000011fe51ff0023
1736342840.305533117	Controller Area Network, Ext. ID: 295 (0x00000127), Length: 8	00100008000161aa
1736342840.305544918	Controller Area Network, Ext. ID: 301 (0x0000012d), Length: 8	7fff7fff7fffffaf
1736342840.305556778	Controller Area Network, Ext. ID: 302 (0x0000012e), Length: 7	7fff7fff7fffb0
1736342840.305568508	Controller Area Network, Ext. ID: 303 (0x0000012f), Length: 8	ff7fff7fff7fffb1
1736342840.305580158	Controller Area Network, Ext. ID: 166 (0x000000a6), Length: 8	00000040000000ee
1736342840.305592009	Controller Area Network, Ext. ID: 63 (0x0000003f), Length: 6	4702007e000c
1736342840.305603819	Controller Area Network, Ext. ID: 50 (0x00000032), Length: 8	000000000000003a
1736342840.305615509	Controller Area Network, Ext. ID: 55 (0x00000037), Length: 7	00005400000698
1736342840.305627509	Controller Area Network, Ext. ID: 715 (0x000002cb), Length: 5	3c9f960043
1736342840.305639180	Controller Area Network, Ext. ID: 975 (0x000003cf), Length: 5	10001b080a
1736342840.305650960	Controller Area Network, Ext. ID: 580 (0x00000244), Length: 8	1100000100000060
1736342840.305662770	Controller Area Network, Ext. ID: 183 (0x000000b7), Length: 8	0000000000000000
1736342840.305674470	Controller Area Network, Ext. ID: 816 (0x00000330), Length: 8	0000000040000100
1736342840.305685941	Controller Area Network, Ext. ID: 296 (0x00000128), Length: 8	0000100000000041
1736342840.305697761	Controller Area Network, Ext. ID: 713 (0x000002c9), Length: 8	000da70288000011
1736342840.305709281	Controller Area Network, Ext. ID: 813 (0x0000032d), Length: 8	00511f4c00000000
1736342840.305720691	Controller Area Network, Ext. ID: 1217 (0x000004c1), Length: 8	0100000000000000
1736342840.305732272	Controller Area Network, Ext. ID: 164 (0x000000a4), Length: 8	40000000000000ec
1736342840.305743772	Controller Area Network, Ext. ID: 188 (0x000000bc), Length: 8	000011fe51ff0023
1736342840.305755442	Controller Area Network, Ext. ID: 63 (0x0000003f), Length: 6	4702007e000c
1736342840.305767312	Controller Area Network, Ext. ID: 293 (0x00000125), Length: 7	f000000000001d
1736342840.305779203	Controller Area Network, Ext. ID: 180 (0x000000b4), Length: 8	00000000000000bc
1736342840.305790943	Controller Area Network, Ext. ID: 50 (0x00000032), Length: 8	000000000000003a
1736342840.305802773	Controller Area Network, Ext. ID: 581 (0x00000245), Length: 5	000000004c
1736342840.305814533	Controller Area Network, Ext. ID: 566 (0x00000236), Length: 5	27ff030066
1736342840.305826234	Controller Area Network, Ext. ID: 55 (0x00000037), Length: 7	00005400000698
1736342840.305837894	Controller Area Network, Ext. ID: 166 (0x000000a6), Length: 8	00000040000000ee
1736342840.305849574	Controller Area Network, Ext. ID: 298 (0x0000012a), Length: 7	00000000000032
1736342840.305861395	Controller Area Network, Ext. ID: 583 (0x00000247), Length: 7	06008000000000
1736342840.305873045	Controller Area Network, Ext. ID: 295 (0x00000127), Length: 8	00100008000161aa
1736342840.305884835	Controller Area Network, Ext. ID: 840 (0x00000348), Length: 8	00020000002c0485
1736342840.305896495	Controller Area Network, Ext. ID: 301 (0x0000012d), Length: 8	7fff7fff7fffffaf
1736342840.305908096	Controller Area Network, Ext. ID: 302 (0x0000012e), Length: 7	7fff7fff7fffb0
1736342840.305919856	Controller Area Network, Ext. ID: 303 (0x0000012f), Length: 8	ff7fff7fff7fffb1
1736342840.305931436	Controller Area Network, Ext. ID: 928 (0x000003a0), Length: 8	0068000000000030
1736342840.305943166	Controller Area Network, Ext. ID: 466 (0x000001d2), Length: 8	990402aa028800ae
1736342840.305954767	Controller Area Network, Ext. ID: 183 (0x000000b7), Length: 8	0000000000000000
1736342840.305966437	Controller Area Network, Ext. ID: 63 (0x0000003f), Length: 6	4702007e000c
1736342840.305978087	Controller Area Network, Ext. ID: 968 (0x000003c8), Length: 8	002c00000214051a
1736342840.305989647	Controller Area Network, Ext. ID: 50 (0x00000032), Length: 8	000000100000004a
1736342840.306001318	Controller Area Network, Ext. ID: 55 (0x00000037), Length: 7	00005400000698
1736342840.306013098	Controller Area Network, Ext. ID: 467 (0x000001d3), Length: 8	0028000000000004
1736342840.306024698	Controller Area Network, Ext. ID: 164 (0x000000a4), Length: 8	40000000000000ec
1736342840.306036328	Controller Area Network, Ext. ID: 188 (0x000000bc), Length: 8	000011fe51ff0023
1736342840.306047919	Controller Area Network, Ext. ID: 296 (0x00000128), Length: 8	0000100000000041
1736342840.306059529	Controller Area Network, Ext. ID: 166 (0x000000a6), Length: 8	00000040000000ee
1736342840.306071239	Controller Area Network, Ext. ID: 63 (0x0000003f), Length: 6	4702007e000c
1736342840.306083039	Controller Area Network, Ext. ID: 293 (0x00000125), Length: 7	f000000000001d
1736342840.306094690	Controller Area Network, Ext. ID: 50 (0x00000032), Length: 8	000000000000003a
1736342840.306106340	Controller Area Network, Ext. ID: 55 (0x00000037), Length: 7	00005400000698
1736342840.306117920	Controller Area Network, Ext. ID: 580 (0x00000244), Length: 8	1100000200000061
1736342840.306129630	Controller Area Network, Ext. ID: 298 (0x0000012a), Length: 7	00000000000032
1736342840.306141331	Controller Area Network, Ext. ID: 183 (0x000000b7), Length: 8	0000000000000000
1736342840.306152921	Controller Area Network, Ext. ID: 295 (0x00000127), Length: 8	00100008000161aa
1736342840.306164541	Controller Area Network, Ext. ID: 301 (0x0000012d), Length: 8	7fff7fff7fffffaf
1736342840.306176321	Controller Area Network, Ext. ID: 302 (0x0000012e), Length: 7	7fff7fff7fffb0
1736342840.306187972	Controller Area Network, Ext. ID: 303 (0x0000012f), Length: 8	ff7fff7fff7fffb1
1736342840.306199712	Controller Area Network, Ext. ID: 164 (0x000000a4), Length: 8	40000000000000ec
1736342840.306211312	Controller Area Network, Ext. ID: 63 (0x0000003f), Length: 6	4702007e000c
1736342840.306222912	Controller Area Network, Ext. ID: 188 (0x000000bc), Length: 8	000011fe51ff0023
1736342840.306234503	Controller Area Network, Ext. ID: 50 (0x00000032), Length: 8	000000000000003a
1736342840.306246153	Controller Area Network, Ext. ID: 581 (0x00000245), Length: 5	000000004c
1736342840.306257863	Controller Area Network, Ext. ID: 993 (0x000003e1), Length: 8	413c0040000000a9
1736342840.306269583	Controller Area Network, Ext. ID: 180 (0x000000b4), Length: 8	00000000000000bc
1736342840.306281394	Controller Area Network, Ext. ID: 715 (0x000002cb), Length: 5	3c9f960043
1736342840.306293054	Controller Area Network, Ext. ID: 566 (0x00000236), Length: 5	27ff030066
1736342840.306304844	Controller Area Network, Ext. ID: 55 (0x00000037), Length: 7	00005400000698
1736342840.306316494	Controller Area Network, Ext. ID: 166 (0x000000a6), Length: 8	00000040000000ee
1736342840.306328195	Controller Area Network, Ext. ID: 583 (0x00000247), Length: 7	06008000000000
1736342840.306339935	Controller Area Network, Ext. ID: 713 (0x000002c9), Length: 8	000da70288000011
1736342840.306351535	Controller Area Network, Ext. ID: 296 (0x00000128), Length: 8	0000100000000041
1736342840.306363366	Controller Area Network, Ext. ID: 183 (0x000000b7), Length: 8	0000000000000000
1736342840.306375386	Controller Area Network, Ext. ID: 63 (0x0000003f), Length: 6	4702007e000c
1736342840.306387296	Controller Area Network, Ext. ID: 50 (0x00000032), Length: 8	000000000000003a
1736342840.306399186	Controller Area Network, Ext. ID: 293 (0x00000125), Length: 7	f000000000001d
1736342840.306410767	Controller Area Network, Ext. ID: 55 (0x00000037), Length: 7	00005400000698
1736342840.306422627	Controller Area Network, Ext. ID: 298 (0x0000012a), Length: 7	00000000000032
1736342840.306434267	Controller Area Network, Ext. ID: 164 (0x000000a4), Length: 8	40000000000000ec
1736342840.306445917	Controller Area Network, Ext. ID: 840 (0x00000348), Length: 8	00020000002c0485
1736342840.306457538	Controller Area Network, Ext. ID: 188 (0x000000bc), Length: 8	000011fe51ff0023
1736342840.306469108	Controller Area Network, Ext. ID: 301 (0x0000012d), Length: 8	7fff7fff7fffffaf
1736342840.306480708	Controller Area Network, Ext. ID: 302 (0x0000012e), Length: 7	7fff7fff7fffb0
1736342840.306492498	Controller Area Network, Ext. ID: 295 (0x00000127), Length: 8	00100008000161aa
1736342840.306504299	Controller Area Network, Ext. ID: 303 (0x0000012f), Length: 8	ff7fff7fff7fffb1
1736342840.306515819	Controller Area Network, Ext. ID: 466 (0x000001d2), Length: 8	990402aa028800ae
1736342840.306527399	Controller Area Network, Ext. ID: 166 (0x000000a6), Length: 8	00000040000000ee
1736342840.306539289	Controller Area Network, Ext. ID: 63 (0x0000003f), Length: 6	4702007e000c
1736342840.306550760	Controller Area Network, Ext. ID: 50 (0x00000032), Length: 8	000000000000003a
1736342840.306562340	Controller Area Network, Ext. ID: 467 (0x000001d3), Length: 8	0028000000000004
1736342840.306573940	Controller Area Network, Ext. ID: 971 (0x000003cb), Length: 7	00000000161601
1736342840.306585490	Controller Area Network, Ext. ID: 580 (0x00000244), Length: 8	1100000100000060
1736342840.306597121	Controller Area Network, Ext. ID: 55 (0x00000037), Length: 7	00005400000698
1736342840.306608911	Controller Area Network, Ext. ID: 1192 (0x000004a8), Length: 8	0007a00000024587
1736342840.306620881	Controller Area Network, Ext. ID: 752 (0x000002f0), Length: 4	1000fa00
1736342840.306632881	Controller Area Network, Ext. ID: 829 (0x0000033d), Length: 2	0042
1736342840.306645042	Controller Area Network, Ext. ID: 183 (0x000000b7), Length: 8	0000000000000000
1736342840.306656802	Controller Area Network, Ext. ID: 296 (0x00000128), Length: 8	0000100000000041
1736342840.306669762	Controller Area Network, Ext. ID: 36 (0x00000024), Length: 8	02000202420180f5
1736342840.306681582	Controller Area Network, Ext. ID: 581 (0x00000245), Length: 5	000000004c
1736342840.306693283	Controller Area Network, Ext. ID: 50 (0x00000032), Length: 8	000000000000003a
1736342840.306705093	Controller Area Network, Ext. ID: 63 (0x0000003f), Length: 6	4702007e000c
1736342840.306717143	Controller Area Network, Ext. ID: 164 (0x000000a4), Length: 8	40000000000000ec
1736342840.306729164	Controller Area Network, Ext. ID: 293 (0x00000125), Length: 7	f000000000001d
1736342840.306742494	Controller Area Network, Ext. ID: 188 (0x000000bc), Length: 8	000011fe51ff0023
1736342840.306754404	Controller Area Network, Ext. ID: 180 (0x000000b4), Length: 8	00000000000000bc
1736342840.306766094	Controller Area Network, Ext. ID: 298 (0x0000012a), Length: 7	00000000000032
1736342840.306778005	Controller Area Network, Ext. ID: 55 (0x00000037), Length: 7	00005400000698
1736342840.306790215	Controller Area Network, Ext. ID: 566 (0x00000236), Length: 5	27ff030066
1736342840.306802315	Controller Area Network, Ext. ID: 583 (0x00000247), Length: 7	06008000000000
1736342840.306814215	Controller Area Network, Ext. ID: 166 (0x000000a6), Length: 8	00000040000000ee
1736342840.306826166	Controller Area Network, Ext. ID: 301 (0x0000012d), Length: 8	7fff7fff7fffffaf
1736342840.306837766	Controller Area Network, Ext. ID: 302 (0x0000012e), Length: 7	7fff7fff7fffb0
1736342840.306849846	Controller Area Network, Ext. ID: 303 (0x0000012f), Length: 8	ff7fff7fff7fffb1
1736342840.306861806	Controller Area Network, Ext. ID: 295 (0x00000127), Length: 8	00100008000161aa
1736342840.306873327	Controller Area Network, Ext. ID: 1417 (0x00000589), Length: 8	0000000000000000
1736342840.306884877	Controller Area Network, Ext. ID: 1181 (0x0000049d), Length: 8	8989023e7cfe4780
1736342840.306896637	Controller Area Network, Ext. ID: 50 (0x00000032), Length: 8	000000000000003a
1736342840.306908237	Controller Area Network, Ext. ID: 63 (0x0000003f), Length: 6	4702007e000c
1736342840.306919798	Controller Area Network, Ext. ID: 183 (0x000000b7), Length: 8	0000000000000000
1736342840.306931518	Controller Area Network, Ext. ID: 715 (0x000002cb), Length: 5	3c9f960043
1736342840.306943248	Controller Area Network, Ext. ID: 55 (0x00000037), Length: 7	00005400000698
1736342840.306955288	Controller Area Network, Ext. ID: 713 (0x000002c9), Length: 8	000da70288000011
1736342840.306966739	Controller Area Network, Ext. ID: 164 (0x000000a4), Length: 8	40000000000000ec
1736342840.306978279	Controller Area Network, Ext. ID: 188 (0x000000bc), Length: 8	000011fe51ff0023
1736342840.306989729	Controller Area Network, Ext. ID: 296 (0x00000128), Length: 8	0000100000000041
1736342840.307001349	Controller Area Network, Ext. ID: 166 (0x000000a6), Length: 8	00000040000000ee
1736342840.307012870	Controller Area Network, Ext. ID: 50 (0x00000032), Length: 8	000000000000003a
1736342840.307024480	Controller Area Network, Ext. ID: 63 (0x0000003f), Length: 6	4702007e000c
1736342840.307036070	Controller Area Network, Ext. ID: 293 (0x00000125), Length: 7	f000000000001d
1736342840.307047550	Controller Area Network, Ext. ID: 860 (0x0000035c), Length: 8	00800000000000e7
1736342840.307058891	Controller Area Network, Ext. ID: 580 (0x00000244), Length: 8	110000000000005f
1736342840.307070401	Controller Area Network, Ext. ID: 298 (0x0000012a), Length: 7	00000000000032
1736342840.307082071	Controller Area Network, Ext. ID: 55 (0x00000037), Length: 7	00005400000698
1736342840.307093692	Controller Area Network, Ext. ID: 840 (0x00000348), Length: 8	00020000002c0485
1736342840.307105232	Controller Area Network, Ext. ID: 301 (0x0000012d), Length: 8	7fff7fff7fffffaf
1736342840.307116772	Controller Area Network, Ext. ID: 302 (0x0000012e), Length: 7	7fff7fff7fffb0
1736342840.307128462	Controller Area Network, Ext. ID: 303 (0x0000012f), Length: 8	ff7fff7fff7fffb1
1736342840.307139993	Controller Area Network, Ext. ID: 183 (0x000000b7), Length: 8	0000000000000000
1736342840.307151523	Controller Area Network, Ext. ID: 295 (0x00000127), Length: 8	00100008000161aa
1736342840.307162943	Controller Area Network, Ext. ID: 1232 (0x000004d0), Length: 8	1000000000000000
1736342840.307174483	Controller Area Network, Ext. ID: 466 (0x000001d2), Length: 8	990402aa028800ae
1736342840.307186024	Controller Area Network, Ext. ID: 581 (0x00000245), Length: 5	000000004c
1736342840.307197634	Controller Area Network, Ext. ID: 970 (0x000003ca), Length: 6	0020000000f3
1736342840.307209194	Controller Area Network, Ext. ID: 50 (0x00000032), Length: 8	000000000000003a
1736342840.307220844	Controller Area Network, Ext. ID: 63 (0x0000003f), Length: 6	4702007e000c
1736342840.307232515	Controller Area Network, Ext. ID: 968 (0x000003c8), Length: 8	002c000002140419
1736342840.307244185	Controller Area Network, Ext. ID: 164 (0x000000a4), Length: 8	40000000000000ec
1736342840.307256045	Controller Area Network, Ext. ID: 467 (0x000001d3), Length: 8	0028000000000004
1736342840.307267685	Controller Area Network, Ext. ID: 188 (0x000000bc), Length: 8	000011fe51ff0023
1736342840.307279296	Controller Area Network, Ext. ID: 583 (0x00000247), Length: 7	06008000000000
1736342840.307290966	Controller Area Network, Ext. ID: 180 (0x000000b4), Length: 8	00000000000000bc
1736342840.307302976	Controller Area Network, Ext. ID: 55 (0x00000037), Length: 7	00005400000698
1736342840.307314616	Controller Area Network, Ext. ID: 1592 (0x00000638), Length: 8	13001f00aa000000
1736342840.307326227	Controller Area Network, Ext. ID: 566 (0x00000236), Length: 5	27ff030066
1736342840.307337777	Controller Area Network, Ext. ID: 166 (0x000000a6), Length: 8	00000040000000ee
1736342840.307349347	Controller Area Network, Ext. ID: 1728 (0x000006c0), Length: 8	e40080a100010000
1736342840.307361157	Controller Area Network, Ext. ID: 296 (0x00000128), Length: 8	0000100000000041
1736342840.307372958	Controller Area Network, Ext. ID: 50 (0x00000032), Length: 8	000000000000003a
1736342840.307384848	Controller Area Network, Ext. ID: 63 (0x0000003f), Length: 6	4702007e000c
1736342840.307396768	Controller Area Network, Ext. ID: 293 (0x00000125), Length: 7	f000000000001d
1736342840.307408458	Controller Area Network, Ext. ID: 183 (0x000000b7), Length: 8	0000000000000000
1736342840.307420179	Controller Area Network, Ext. ID: 298 (0x0000012a), Length: 7	00000000000032
1736342840.307431699	Controller Area Network, Ext. ID: 55 (0x00000037), Length: 7	00005400000698
1736342840.307443259	Controller Area Network, Ext. ID: 301 (0x0000012d), Length: 8	7fff7fff7fffffaf
1736342840.307455049	Controller Area Network, Ext. ID: 302 (0x0000012e), Length: 7	7fff7fff7fffb0
1736342840.307466820	Controller Area Network, Ext. ID: 164 (0x000000a4), Length: 8	40000000000000ec
1736342840.307478380	Controller Area Network, Ext. ID: 303 (0x0000012f), Length: 8	ff7fff7fff7fffb1
1736342840.307490050	Controller Area Network, Ext. ID: 188 (0x000000bc), Length: 8	000011fe51ff0023
1736342840.307501860	Controller Area Network, Ext. ID: 295 (0x00000127), Length: 8	00100008000161aa
1736342840.307513931	Controller Area Network, Ext. ID: 50 (0x00000032), Length: 8	000000000000003a
1736342840.307525651	Controller Area Network, Ext. ID: 580 (0x00000244), Length: 8	1100fffe0000005c
1736342840.307537071	Controller Area Network, Ext. ID: 166 (0x000000a6), Length: 8	00000040000000ee
1736342840.307548741	Controller Area Network, Ext. ID: 63 (0x0000003f), Length: 6	4702007e000c
1736342840.307560452	Controller Area Network, Ext. ID: 715 (0x000002cb), Length: 5	3c9f960043
1736342840.307572212	Controller Area Network, Ext. ID: 1179 (0x0000049b), Length: 8	00a01d0000080000
1736342840.307583882	Controller Area Network, Ext. ID: 55 (0x00000037), Length: 7	00005400000698
1736342840.307595512	Controller Area Network, Ext. ID: 713 (0x000002c9), Length: 8	000da70288000011
1736342840.307607313	Controller Area Network, Ext. ID: 816 (0x00000330), Length: 8	0000000040000100
1736342840.307618893	Controller Area Network, Ext. ID: 1595 (0x0000063b), Length: 8	16000eb800000e2e
1736342840.307630413	Controller Area Network, Ext. ID: 296 (0x00000128), Length: 8	0000100000000041
1736342840.307641974	Controller Area Network, Ext. ID: 183 (0x000000b7), Length: 8	0000000000000000
1736342840.307653604	Controller Area Network, Ext. ID: 581 (0x00000245), Length: 5	000000004c
1736342840.307665214	Controller Area Network, Ext. ID: 50 (0x00000032), Length: 8	000000000000003a
1736342840.307676834	Controller Area Network, Ext. ID: 813 (0x0000032d), Length: 8	00511f4c00000000
1736342840.307688535	Controller Area Network, Ext. ID: 63 (0x0000003f), Length: 6	4702007e000c
1736342840.307700095	Controller Area Network, Ext. ID: 293 (0x00000125), Length: 7	f000000000001d
1736342840.307711685	Controller Area Network, Ext. ID: 583 (0x00000247), Length: 7	06008000000000
1736342840.307723395	Controller Area Network, Ext. ID: 164 (0x000000a4), Length: 8	40000000000000ec
1736342840.307734986	Controller Area Network, Ext. ID: 298 (0x0000012a), Length: 7	00000000000032
1736342840.307746536	Controller Area Network, Ext. ID: 188 (0x000000bc), Length: 8	000011fe51ff0023
1736342840.307758206	Controller Area Network, Ext. ID: 55 (0x00000037), Length: 7	00005400000698
1736342840.307769766	Controller Area Network, Ext. ID: 840 (0x00000348), Length: 8	00020000002c0485
1736342840.307781407	Controller Area Network, Ext. ID: 180 (0x000000b4), Length: 8	00000000000000bc
1736342840.307793057	Controller Area Network, Ext. ID: 566 (0x00000236), Length: 5	27ff030066
1736342840.307804677	Controller Area Network, Ext. ID: 301 (0x0000012d), Length: 8	7fff7fff7fffffaf
1736342840.307816307	Controller Area Network, Ext. ID: 302 (0x0000012e), Length: 7	7fff7fff7fffb0
1736342840.307827808	Controller Area Network, Ext. ID: 303 (0x0000012f), Length: 8	ff7fff7fff7fffb1
1736342840.307839428	Controller Area Network, Ext. ID: 166 (0x000000a6), Length: 8	00000040000000ee
1736342840.307850958	Controller Area Network, Ext. ID: 466 (0x000001d2), Length: 8	990402aa028800ae
1736342840.307863398	Controller Area Network, Ext. ID: 1018 (0x000003fa), Length: 1	ff
1736342840.307875219	Controller Area Network, Ext. ID: 295 (0x00000127), Length: 8	00100008000161aa
1736342840.307886789	Controller Area Network, Ext. ID: 50 (0x00000032), Length: 8	000000000000003a
1736342840.307898379	Controller Area Network, Ext. ID: 467 (0x000001d3), Length: 8	0028000000000004
1736342840.307910109	Controller Area Network, Ext. ID: 928 (0x000003a0), Length: 8	0068000000000030
1736342840.307921880	Controller Area Network, Ext. ID: 63 (0x0000003f), Length: 6	4702007e000c
1736342840.307933930	Controller Area Network, Ext. ID: 183 (0x000000b7), Length: 8	0000000000000000
1736342840.307945720	Controller Area Network, Ext. ID: 55 (0x00000037), Length: 7	00005400000698
1736342840.307957410	Controller Area Network, Ext. ID: 752 (0x000002f0), Length: 4	1000fa00
